json_file,cycle_index,n_tokens,rle_colors,rotated_to_order,rotation_applied,start_orientation,flash_count,flash_positions_norm,flash_color_hits,base4_seq
20250328_124758000_iOS.2.json.sequence.json,0,51,Yellow|Green|Blue|Yellow|Green|Yellow|Green|Yellow|Pink/Magenta|Yellow|Pink/Magenta|Blue|Green|Yellow|Blue|Yellow|Green|Yellow|Green|Pink/Magenta|Yellow|Pink/Magenta|Yellow|Blue|Yellow|Blue|Pink/Magenta|Yellow|Pink/Magenta|Yellow,Yellow|Green|Blue|Yellow|Green|Yellow|Green|Yellow|Pink/Magenta|Yellow|Pink/Magenta|Blue|Green|Yellow|Blue|Yellow|Green|Yellow|Green|Pink/Magenta|Yellow|Pink/Magenta|Yellow|Blue|Yellow|Blue|Pink/Magenta|Yellow|Pink/Magenta|Yellow,False,↑,16,0.18|0.22|0.26|0.28|0.3|0.36|0.4|0.56|0.68|0.7|0.76|0.82|0.88|0.9|0.96|0.98,Yellow|Yellow|Pink/Magenta|Yellow|Yellow|Pink/Magenta|Blue|Yellow|Pink/Magenta|Pink/Magenta|Pink/Magenta|Yellow|Pink/Magenta|Pink/Magenta|Pink/Magenta|Yellow,320323231310230323213130301313
20250812_034218000_iOS.json.sequence.json,0,4,Blue|Green|Pink/Magenta,Blue|Green|Pink/Magenta,False,↑,0,,,021
20250812_034218000_iOS.json.sequence.json,1,7,Green|Blue|Green|Blue|Pink/Magenta,Green|Blue|Green|Blue|Pink/Magenta,False,,1,0.667,Blue,20201
20250812_034218000_iOS.json.sequence.json,2,8,Green|Blue|Yellow|Blue|Yellow|Blue|Pink/Magenta|Blue,Green|Blue|Yellow|Blue|Yellow|Blue|Pink/Magenta|Blue,False,↓,2,0.143|0.857,Blue|Pink/Magenta,20303010
20250812_034218000_iOS.json.sequence.json,3,8,Blue|Green|Yellow|Blue|Pink/Magenta,Green|Yellow|Blue|Pink/Magenta|Blue,True,,3,0.0|0.143|0.286,Blue|Blue|Blue,23010
20250812_034218000_iOS.json.sequence.json,4,1,Green,Green,False,↓,0,,,2
20250812_034218000_iOS.json.sequence.json,5,2,Pink/Magenta|Blue,Pink/Magenta|Blue,False,,0,,,10
20250812_034218000_iOS.json.sequence.json,6,7,Blue|Pink/Magenta|Blue|Green|Yellow|Green,Blue|Pink/Magenta|Blue|Green|Yellow|Green,False,,2,0.0|0.5,Blue|Blue,010232
20250812_034218000_iOS.json.sequence.json,7,7,Blue|Pink/Magenta|Blue|Green|Blue|Green,Blue|Pink/Magenta|Blue|Green|Blue|Green,False,,1,0.5,Blue,010202
20250812_034218000_iOS2.5.json.sequence.json,0,15,Blue|Green|Blue|Green|Blue|Green|Blue|Green|Pink/Magenta|Blue,Blue|Green|Blue|Green|Blue|Green|Blue|Green|Pink/Magenta|Blue,False,,5,0.071|0.286|0.357|0.643|1.0,Blue|Blue|Blue|Blue|Blue,0202020210
20250812_034218000_iOS2.5.json.sequence.json,1,41,Blue|Yellow|Green|Pink/Magenta|Blue|Yellow|Blue|Pink/Magenta|Green|Blue|Yellow|Blue|Pink/Magenta|Blue|Green|Blue|Green|Blue|Green|Blue|Pink/Magenta|Blue|Green|Yellow|Blue|Green,Yellow|Blue|Pink/Magenta|Green|Blue|Yellow|Blue|Pink/Magenta|Blue|Green|Blue|Green|Blue|Green|Blue|Pink/Magenta|Blue|Green|Yellow|Blue|Green|Blue|Yellow|Green|Pink/Magenta|Blue,True,,9,0.175|0.2|0.3|0.425|0.475|0.575|0.7|0.725|0.975,Blue|Blue|Pink/Magenta|Blue|Blue|Blue|Blue|Pink/Magenta|Blue,30120301020202010230203210
20250812_034218000_iOS2.6.json.sequence.json,0,1,Blue,Blue,False,,1,0.0,Blue,0
20250812_034218000_iOS2.6.json.sequence.json,1,38,Blue|Yellow|Blue|Green|Yellow|Blue|Yellow|Pink/Magenta|Blue|Pink/Magenta|Yellow|Blue|Pink/Magenta|Blue|Pink/Magenta|Green|Blue|Pink/Magenta|Blue|Green|Pink/Magenta|Blue,Blue|Yellow|Blue|Green|Yellow|Blue|Yellow|Pink/Magenta|Blue|Pink/Magenta|Yellow|Blue|Pink/Magenta|Blue|Pink/Magenta|Green|Blue|Pink/Magenta|Blue|Green|Pink/Magenta|Blue,False,,5,0.081|0.622|0.946|0.973|1.0,Blue|Blue|Pink/Magenta|Pink/Magenta|Blue,0302303101301012010210
20250812_034218000_iOS2.6.json.sequence.json,2,29,Green|Yellow|Pink/Magenta|Blue|Green|Blue|Green|Blue|Yellow|Green|Yellow|Blue|Pink/Magenta|Blue|Green,Green|Yellow|Blue|Pink/Magenta|Blue|Green|Green|Yellow|Pink/Magenta|Blue|Green|Blue|Green|Blue|Yellow,True,↓,4,0.143|0.821|0.929|0.964,Blue|Blue|Blue|Blue,230102231020203
20250812_034218000_iOS2.6.json.sequence.json,3,6,Green|Blue,Green|Blue,False,↑,1,1.0,Blue,20
20250812_034218000_iOS2.json.sequence.json,0,5,Pink/Magenta|Blue|Pink/Magenta,Pink/Magenta|Blue|Pink/Magenta,False,,0,,,101
20250812_034218000_iOS2.json.sequence.json,1,10,Blue|Pink/Magenta|Blue,Blue|Pink/Magenta|Blue,False,,3,0.111|0.556|1.0,Blue|Blue|Blue,010
20250812_034409000_iOS.json.sequence.json,0,10,Green|Blue|Green|Blue,Green|Blue|Green|Blue,False,↓,2,0.0|0.222,Green|Blue,2020
20250812_034409000_iOS2.json.sequence.json,0,1,Green,Green,False,↑,1,0.0,Green,2
20250815_204153000_iOS2.json.sequence.json,0,127,Blue|Pink/Magenta|Blue|Pink/Magenta|Blue|Pink/Magenta|Blue|Green|Blue|Green|Blue|Green|Blue|Yellow|Blue|Green|Blue|Green|Blue|Pink/Magenta|Blue|Pink/Magenta|Blue|Yellow|Blue|Pink/Magenta|Blue|Yellow|Pink/Magenta|Blue|Pink/Magenta|Yellow|Green|Blue|Green|Yellow|Blue,Blue|Pink/Magenta|Blue|Pink/Magenta|Blue|Pink/Magenta|Blue|Green|Blue|Green|Blue|Green|Blue|Yellow|Blue|Green|Blue|Green|Blue|Pink/Magenta|Blue|Pink/Magenta|Blue|Yellow|Blue|Pink/Magenta|Blue|Yellow|Pink/Magenta|Blue|Pink/Magenta|Yellow|Green|Blue|Green|Yellow|Blue,False,↓,22,0.008|0.111|0.143|0.159|0.198|0.214|0.222|0.23|0.262|0.27|0.452|0.46|0.524|0.627|0.635|0.675|0.683|0.69|0.698|0.714|0.722|0.825,Blue|Blue|Pink/Magenta|Blue|Blue|Blue|Blue|Green|Blue|Blue|Green|Green|Blue|Blue|Blue|Blue|Blue|Blue|Blue|Blue|Blue|Pink/Magenta,0101010202020302020101030103101320230
20250815_204153000_iOS3.json.sequence.json,0,77,Pink/Magenta|Blue|Yellow|Pink/Magenta|Blue|Pink/Magenta|Yellow|Blue|Green|Yellow|Blue|Green|Blue|Green|Blue|Green|Blue|Green|Blue|Green|Blue|Green|Blue|Green|Pink/Magenta|Blue|Green|Blue|Pink/Magenta|Blue|Green|Blue|Pink/Magenta|Green|Pink/Magenta|Blue|Yellow|Blue,Pink/Magenta|Blue|Yellow|Pink/Magenta|Blue|Pink/Magenta|Yellow|Blue|Green|Yellow|Blue|Green|Blue|Green|Blue|Green|Blue|Green|Blue|Green|Blue|Green|Blue|Green|Pink/Magenta|Blue|Green|Blue|Pink/Magenta|Blue|Green|Blue|Pink/Magenta|Green|Pink/Magenta|Blue|Yellow|Blue,False,,13,0.053|0.276|0.329|0.342|0.447|0.5|0.513|0.526|0.658|0.671|0.776|0.855|0.868,Pink/Magenta|Blue|Green|Green|Blue|Blue|Blue|Blue|Blue|Blue|Pink/Magenta|Blue|Blue,10310130230202020202020210201020121030
20250815_204153000_iOS4.json.sequence.json,0,87,Blue|Green|Blue|Yellow|Blue|Green|Blue|Pink/Magenta|Blue|Green|Blue|Yellow|Blue|Pink/Magenta|Blue|Yellow|Pink/Magenta|Blue|Pink/Magenta|Blue|Green|Blue|Pink/Magenta|Blue|Pink/Magenta|Blue|Pink/Magenta|Blue|Green|Blue|Pink/Magenta|Blue|Green|Blue|Pink/Magenta|Blue,Blue|Green|Blue|Yellow|Blue|Green|Blue|Pink/Magenta|Blue|Green|Blue|Yellow|Blue|Pink/Magenta|Blue|Yellow|Pink/Magenta|Blue|Pink/Magenta|Blue|Green|Blue|Pink/Magenta|Blue|Pink/Magenta|Blue|Pink/Magenta|Blue|Green|Blue|Pink/Magenta|Blue|Green|Blue|Pink/Magenta|Blue,False,↓,14,0.07|0.14|0.186|0.384|0.523|0.535|0.57|0.581|0.605|0.721|0.744|0.965|0.988|1.0,Blue|Blue|Blue|Blue|Blue|Blue|Pink/Magenta|Pink/Magenta|Blue|Blue|Blue|Blue|Pink/Magenta|Blue,020302010203010310102010101020102010
20250815_204153000_iOS5.json.sequence.json,0,2,Blue,Blue,False,,0,,,0
20250815_204153000_iOS5.json.sequence.json,1,1,Green,Green,False,,0,,,2
20250815_204153000_iOS5.json.sequence.json,2,1,Blue,Blue,False,↑,0,,,0
20250815_204153000_iOS5.json.sequence.json,3,1,Blue,Blue,False,,0,,,0
20250815_204153000_iOS5.json.sequence.json,4,1,Blue,Blue,False,,1,0.0,Blue,0
20250815_204153000_iOS5.json.sequence.json,5,1,Blue,Blue,False,↑,0,,,0
20250815_204153000_iOS5.json.sequence.json,6,1,Green,Green,False,↑,0,,,2
20250815_204153000_iOS5.json.sequence.json,7,2,Blue|Pink/Magenta,Blue|Pink/Magenta,False,,0,,,01
20250816_033400000_iOS.2.json.sequence.json,0,1,Blue,Blue,False,↓,0,,,0
20250816_033400000_iOS.2.json.sequence.json,1,1,Blue,Blue,False,↑,0,,,0
20250816_033400000_iOS.2.json.sequence.json,2,1,Pink/Magenta,Pink/Magenta,False,,0,,,1
20250816_033400000_iOS.2.json.sequence.json,3,1,Blue,Blue,False,,0,,,0
20250816_033400000_iOS.2.json.sequence.json,4,1,Blue,Blue,False,↓,0,,,0
20250816_033400000_iOS.json.sequence.json,0,93,Blue|Pink/Magenta|Blue|Pink/Magenta|Blue|Green|Blue|Pink/Magenta|Blue|Pink/Magenta|Blue|Pink/Magenta|Green|Blue,Blue|Pink/Magenta|Blue|Pink/Magenta|Blue|Green|Blue|Pink/Magenta|Blue|Pink/Magenta|Blue|Pink/Magenta|Green|Blue,False,↑,18,0.033|0.489|0.5|0.554|0.685|0.696|0.707|0.739|0.75|0.761|0.772|0.783|0.793|0.804|0.924|0.935|0.946|0.957,Blue|Pink/Magenta|Pink/Magenta|Blue|Blue|Blue|Blue|Blue|Blue|Blue|Blue|Blue|Blue|Pink/Magenta|Blue|Blue|Blue|Blue,01010201010120
20250816_033400000_iOS_conv.json.sequence.json,0,26,Blue|Pink/Magenta|Green|Blue|Pink/Magenta|Blue|Pink/Magenta|Blue|Green|Blue,Blue|Pink/Magenta|Green|Blue|Pink/Magenta|Blue|Pink/Magenta|Blue|Green|Blue,False,,9,0.08|0.12|0.36|0.56|0.68|0.72|0.76|0.8|0.88,Blue|Blue|Pink/Magenta|Pink/Magenta|Pink/Magenta|Blue|Blue|Green|Blue,0120101020
20250816_033400000_iOS_conv.json.sequence.json,1,1,Blue,Blue,False,↑,0,,,0
20250816_033400000_iOS_conv.json.sequence.json,2,40,Blue|Green|Blue|Pink/Magenta|Blue|Pink/Magenta|Blue|Yellow|Blue|Pink/Magenta|Blue|Pink/Magenta|Yellow|Blue,Blue|Green|Blue|Pink/Magenta|Blue|Pink/Magenta|Blue|Yellow|Blue|Pink/Magenta|Blue|Pink/Magenta|Yellow|Blue,False,↑,11,0.205|0.256|0.282|0.308|0.487|0.513|0.564|0.641|0.667|0.821|0.846,Green|Blue|Blue|Blue|Blue|Blue|Blue|Blue|Blue|Pink/Magenta|Pink/Magenta,02010103010130
20250816_033400000_iOS_conv.json.sequence.json,3,1,Blue,Blue,False,↓,0,,,0
20250816_033400000_iOS_conv.json.sequence.json,4,51,Yellow|Blue|Green|Blue|Green|Blue|Green|Blue|Green|Blue|Green|Blue|Green|Pink/Magenta|Blue|Green|Blue|Pink/Magenta|Yellow|Blue|Pink/Magenta,Yellow|Blue|Green|Blue|Green|Blue|Green|Blue|Green|Blue|Green|Blue|Green|Pink/Magenta|Blue|Green|Blue|Pink/Magenta|Yellow|Blue|Pink/Magenta,False,,7,0.14|0.18|0.2|0.4|0.46|0.56|0.58,Blue|Green|Green|Blue|Blue|Blue|Blue,302020202020210201301
20250816_033400000_iOS_conv.json.sequence.json,5,52,Pink/Magenta|Blue|Green|Blue|Pink/Magenta|Green|Pink/Magenta|Blue|Yellow|Pink/Magenta|Blue|Pink/Magenta|Blue|Green|Blue|Yellow|Blue,Pink/Magenta|Blue|Green|Blue|Pink/Magenta|Green|Pink/Magenta|Blue|Yellow|Pink/Magenta|Blue|Pink/Magenta|Blue|Green|Blue|Yellow|Blue,False,,6,0.059|0.235|0.255|0.275|0.529|1.0,Pink/Magenta|Blue|Blue|Blue|Blue|Blue,10201210310102030
Michelle_orb_video.json.sequence.json,0,55,Pink/Magenta|Blue|Yellow|Pink/Magenta|Yellow|Pink/Magenta|Yellow|Pink/Magenta|Yellow|Pink/Magenta|Yellow|Pink/Magenta|Yellow|Pink/Magenta|Yellow|Pink/Magenta|Yellow|Blue|Yellow|Blue|Pink/Magenta|Yellow|Blue|Yellow|Pink/Magenta|Yellow|Pink/Magenta,Pink/Magenta|Blue|Yellow|Pink/Magenta|Yellow|Pink/Magenta|Yellow|Pink/Magenta|Yellow|Pink/Magenta|Yellow|Pink/Magenta|Yellow|Pink/Magenta|Yellow|Pink/Magenta|Yellow|Blue|Yellow|Blue|Pink/Magenta|Yellow|Blue|Yellow|Pink/Magenta|Yellow|Pink/Magenta,False,↑,16,0.0|0.019|0.167|0.185|0.222|0.37|0.389|0.407|0.426|0.481|0.574|0.63|0.648|0.667|0.889|1.0,Pink/Magenta|Pink/Magenta|Pink/Magenta|Pink/Magenta|Pink/Magenta|Pink/Magenta|Pink/Magenta|Pink/Magenta|Pink/Magenta|Pink/Magenta|Pink/Magenta|Pink/Magenta|Pink/Magenta|Pink/Magenta|Pink/Magenta|Pink/Magenta,103131313131313130301303131
MISC_PNG.sequence.json,0,1,Unknown,Unknown,False,↓,1,0.0,Unknown,
RecordIt-1757292756_conv.json.sequence.json,0,116,Pink/Magenta|Blue|Pink/Magenta|Blue|Pink/Magenta|Green|Yellow|Pink/Magenta|Blue|Pink/Magenta|Green|Blue|Pink/Magenta|Blue|Pink/Magenta|Green|Pink/Magenta|Green|Yellow|Pink/Magenta|Blue|Pink/Magenta|Yellow|Pink/Magenta|Yellow|Pink/Magenta|Blue|Pink/Magenta|Green|Yellow,Blue|Pink/Magenta|Green|Yellow|Pink/Magenta|Blue|Pink/Magenta|Green|Blue|Pink/Magenta|Blue|Pink/Magenta|Green|Pink/Magenta|Green|Yellow|Pink/Magenta|Blue|Pink/Magenta|Yellow|Pink/Magenta|Yellow|Pink/Magenta|Blue|Pink/Magenta|Green|Yellow|Pink/Magenta|Blue|Pink/Magenta,True,,85,0.0|0.009|0.017|0.026|0.035|0.043|0.052|0.061|0.07|0.078|0.087|0.096|0.104|0.113|0.122|0.13|0.139|0.148|0.157|0.165|0.174|0.183|0.191|0.2|0.209|0.217|0.296|0.313|0.322|0.33|0.339|0.348|0.357|0.365|0.374|0.4|0.409|0.417|0.426|0.435|0.443|0.452|0.461|0.47|0.478|0.504|0.522|0.53|0.539|0.548|0.557|0.565|0.574|0.583|0.591|0.6|0.609|0.617|0.626|0.635|0.643|0.652|0.661|0.67|0.678|0.687|0.696|0.704|0.713|0.722|0.73|0.739|0.748|0.757|0.765|0.774|0.783|0.791|0.8|0.93|0.939|0.957|0.974|0.983|0.991,Pink/Magenta|Blue|Pink/Magenta|Pink/Magenta|Blue|Blue|Blue|Blue|Blue|Blue|Pink/Magenta|Pink/Magenta|Pink/Magenta|Pink/Magenta|Pink/Magenta|Pink/Magenta|Pink/Magenta|Pink/Magenta|Pink/Magenta|Pink/Magenta|Pink/Magenta|Pink/Magenta|Pink/Magenta|Pink/Magenta|Green|Yellow|Blue|Pink/Magenta|Pink/Magenta|Green|Blue|Blue|Blue|Pink/Magenta|Pink/Magenta|Blue|Pink/Magenta|Pink/Magenta|Green|Pink/Magenta|Pink/Magenta|Pink/Magenta|Pink/Magenta|Pink/Magenta|Pink/Magenta|Yellow|Yellow|Pink/Magenta|Pink/Magenta|Pink/Magenta|Pink/Magenta|Pink/Magenta|Pink/Magenta|Pink/Magenta|Blue|Blue|Pink/Magenta|Pink/Magenta|Pink/Magenta|Pink/Magenta|Pink/Magenta|Pink/Magenta|Pink/Magenta|Pink/Magenta|Pink/Magenta|Pink/Magenta|Pink/Magenta|Pink/Magenta|Pink/Magenta|Pink/Magenta|Pink/Magenta|Yellow|Pink/Magenta|Pink/Magenta|Pink/Magenta|Pink/Magenta|Pink/Magenta|Yellow|Yellow|Green|Green|Green|Green|Green|Yellow,012310120101212310131310123101
v12044gd0000d21um37og65quktep0s0.json.sequence.json,0,25,Blue|Pink/Magenta|Blue|Pink/Magenta|Blue|Pink/Magenta|Blue|Pink/Magenta|Blue|Pink/Magenta|Blue|Pink/Magenta,Blue|Pink/Magenta|Blue|Pink/Magenta|Blue|Pink/Magenta|Blue|Pink/Magenta|Blue|Pink/Magenta|Blue|Pink/Magenta,False,↓,6,0.0|0.083|0.125|0.292|0.75|0.833,Blue|Pink/Magenta|Pink/Magenta|Blue|Pink/Magenta|Blue,010101010101
v12044gd0000d2hlm8fog65pe6sb3vm0.json.sequence.json,0,81,Blue|Pink/Magenta|Blue|Pink/Magenta|Blue|Yellow|Green|Blue|Green|Pink/Magenta|Yellow|Green|Pink/Magenta|Blue|Green|Blue|Yellow|Blue|Pink/Magenta|Blue|Pink/Magenta|Blue|Yellow|Pink/Magenta|Blue|Green|Blue|Pink/Magenta|Yellow|Blue|Yellow|Blue|Pink/Magenta|Blue|Pink/Magenta|Blue|Green|Pink/Magenta|Green|Blue|Pink/Magenta|Blue|Pink/Magenta|Blue|Pink/Magenta|Green|Yellow|Blue|Yellow|Pink/Magenta|Blue,Blue|Pink/Magenta|Green|Yellow|Blue|Yellow|Pink/Magenta|Blue|Blue|Pink/Magenta|Blue|Pink/Magenta|Blue|Yellow|Green|Blue|Green|Pink/Magenta|Yellow|Green|Pink/Magenta|Blue|Green|Blue|Yellow|Blue|Pink/Magenta|Blue|Pink/Magenta|Blue|Yellow|Pink/Magenta|Blue|Green|Blue|Pink/Magenta|Yellow|Blue|Yellow|Blue|Pink/Magenta|Blue|Pink/Magenta|Blue|Green|Pink/Magenta|Green|Blue|Pink/Magenta|Blue|Pink/Magenta,True,↑,21,0.0|0.05|0.1|0.113|0.138|0.15|0.188|0.2|0.3|0.312|0.325|0.338|0.35|0.475|0.487|0.5|0.512|0.637|0.65|0.662|0.738,Blue|Blue|Blue|Blue|Blue|Blue|Blue|Blue|Pink/Magenta|Pink/Magenta|Blue|Blue|Blue|Pink/Magenta|Pink/Magenta|Blue|Blue|Blue|Blue|Blue|Blue,012303100101032021321020301010310201303010102120101
v12044gd0000d2husv7og65snaorfbcg.json.sequence.json,0,75,Blue|Pink/Magenta|Yellow|Pink/Magenta|Yellow|Green|Pink/Magenta|Yellow|Pink/Magenta|Yellow|Pink/Magenta|Green|Yellow|Green|Blue|Pink/Magenta|Green|Blue|Pink/Magenta|Yellow|Pink/Magenta|Blue|Pink/Magenta|Blue|Yellow|Blue|Yellow|Blue|Yellow|Pink/Magenta,Blue|Pink/Magenta|Yellow|Pink/Magenta|Yellow|Green|Pink/Magenta|Yellow|Pink/Magenta|Yellow|Pink/Magenta|Green|Yellow|Green|Blue|Pink/Magenta|Green|Blue|Pink/Magenta|Yellow|Pink/Magenta|Blue|Pink/Magenta|Blue|Yellow|Blue|Yellow|Blue|Yellow|Pink/Magenta,False,,10,0.392|0.446|0.622|0.635|0.649|0.662|0.757|0.77|0.784|0.892,Blue|Blue|Blue|Blue|Blue|Blue|Blue|Blue|Blue|Blue,013132131312320120131010303031
v12044gd0000d2husv7og65snaorfbcg.mp4.json.sequence.json,0,18,Pink/Magenta|Blue|Green|Pink/Magenta|Green|Pink/Magenta|Yellow|Pink/Magenta|Yellow|Green|Yellow,Pink/Magenta|Blue|Green|Pink/Magenta|Green|Pink/Magenta|Yellow|Pink/Magenta|Yellow|Green|Yellow,False,↓,0,,,10212131323
v12044gd0000d2husv7og65snaorfbcg.mp4.json.sequence.json,1,80,Green|Pink/Magenta|Blue|Yellow|Pink/Magenta|Yellow|Pink/Magenta|Yellow|Pink/Magenta|Yellow|Pink/Magenta|Green|Pink/Magenta|Yellow|Pink/Magenta|Yellow|Blue|Yellow|Blue|Yellow|Blue|Pink/Magenta|Yellow|Blue|Yellow|Pink/Magenta|Yellow|Blue|Pink/Magenta|Blue|Green|Pink/Magenta|Green|Yellow|Blue|Yellow|Blue|Pink/Magenta|Blue|Green|Blue|Green|Yellow|Blue|Yellow,Pink/Magenta|Green|Yellow|Blue|Yellow|Blue|Pink/Magenta|Blue|Green|Blue|Green|Yellow|Blue|Yellow|Green|Pink/Magenta|Blue|Yellow|Pink/Magenta|Yellow|Pink/Magenta|Yellow|Pink/Magenta|Yellow|Pink/Magenta|Green|Pink/Magenta|Yellow|Pink/Magenta|Yellow|Blue|Yellow|Blue|Yellow|Blue|Pink/Magenta|Yellow|Blue|Yellow|Pink/Magenta|Yellow|Blue|Pink/Magenta|Blue|Green,True,↑,20,0.127|0.253|0.278|0.38|0.418|0.494|0.633|0.658|0.671|0.684|0.747|0.759|0.785|0.797|0.81|0.823|0.835|0.873|0.886|0.937,Yellow|Pink/Magenta|Green|Blue|Blue|Blue|Blue|Pink/Magenta|Blue|Blue|Blue|Blue|Blue|Blue|Blue|Blue|Blue|Blue|Blue|Blue,123030102023032103131313121313030301303130102
v12044gd0000d2husv7og65snaorfbcg.mp4.json.sequence.json,2,80,Blue|Pink/Magenta|Blue|Pink/Magenta|Green|Yellow|Pink/Magenta|Yellow|Pink/Magenta|Yellow|Pink/Magenta|Unknown|Pink/Magenta|Blue|Yellow|Blue|Pink/Magenta|Yellow|Blue|Pink/Magenta|Blue|Pink/Magenta|Blue|Pink/Magenta|Yellow|Pink/Magenta|Blue|Yellow|Pink/Magenta|Unknown|Pink/Magenta|Blue|Pink/Magenta|Yellow|Pink/Magenta|Green|Pink/Magenta|Green|Yellow|Blue,Blue|Pink/Magenta|Green|Yellow|Pink/Magenta|Yellow|Pink/Magenta|Yellow|Pink/Magenta|Unknown|Pink/Magenta|Blue|Yellow|Blue|Pink/Magenta|Yellow|Blue|Pink/Magenta|Blue|Pink/Magenta|Blue|Pink/Magenta|Yellow|Pink/Magenta|Blue|Yellow|Pink/Magenta|Unknown|Pink/Magenta|Blue|Pink/Magenta|Yellow|Pink/Magenta|Green|Pink/Magenta|Green|Yellow|Blue|Blue|Pink/Magenta,True,,17,0.013|0.025|0.038|0.063|0.101|0.114|0.139|0.405|0.43|0.443|0.456|0.532|0.557|0.582|0.949|0.962|1.0,Blue|Blue|Blue|Blue|Blue|Blue|Blue|Blue|Blue|Blue|Blue|Blue|Blue|Blue|Blue|Blue|Blue,
v12044gd0000d2husv7og65snaorfbcg3.mp4.json.sequence.json,0,108,Blue|Yellow|Blue|Green|Blue|Green|Yellow|Blue|Pink/Magenta|Yellow|Blue|Yellow|Pink/Magenta|Yellow|Pink/Magenta|Yellow|Blue|Yellow|Blue|Green|Blue|Yellow|Blue|Yellow|Blue|Yellow|Blue|Pink/Magenta|Blue|Yellow|Unknown|Pink/Magenta|Yellow|Pink/Magenta|Yellow|Pink/Magenta|Blue|Yellow|Blue|Pink/Magenta|Blue|Pink/Magenta|Blue|Pink/Magenta|Green|Yellow|Pink/Magenta|Yellow,Green|Yellow|Blue|Pink/Magenta|Yellow|Blue|Yellow|Pink/Magenta|Yellow|Pink/Magenta|Yellow|Blue|Yellow|Blue|Green|Blue|Yellow|Blue|Yellow|Blue|Yellow|Blue|Pink/Magenta|Blue|Yellow|Unknown|Pink/Magenta|Yellow|Pink/Magenta|Yellow|Pink/Magenta|Blue|Yellow|Blue|Pink/Magenta|Blue|Pink/Magenta|Blue|Pink/Magenta|Green|Yellow|Pink/Magenta|Yellow|Blue|Yellow|Blue|Green|Blue,True,,1,0.804,Blue,
v12044gd0000d2husv7og65snaorfbcg4.mp4.json.sequence.json,0,54,Blue|Green|Blue|Pink/Magenta|Blue|Pink/Magenta|Blue|Pink/Magenta|Green|Pink/Magenta|Blue|Pink/Magenta|Blue|Pink/Magenta|Blue|Pink/Magenta|Blue|Pink/Magenta|Blue|Pink/Magenta|Blue|Pink/Magenta,Blue|Green|Blue|Pink/Magenta|Blue|Pink/Magenta|Blue|Pink/Magenta|Green|Pink/Magenta|Blue|Pink/Magenta|Blue|Pink/Magenta|Blue|Pink/Magenta|Blue|Pink/Magenta|Blue|Pink/Magenta|Blue|Pink/Magenta,False,,17,0.0|0.019|0.038|0.057|0.075|0.094|0.113|0.132|0.17|0.189|0.208|0.245|0.283|0.321|0.34|0.377|0.415,Blue|Blue|Blue|Blue|Blue|Green|Green|Blue|Blue|Blue|Blue|Blue|Blue|Blue|Blue|Pink/Magenta|Blue,0201010121010101010101
v12044gd0000d2i0647og65vlmef6qv0.json.sequence.json,0,77,Blue|Green|Blue|Green|Yellow|Green|Blue|Pink/Magenta|Yellow|Blue,Blue|Green|Blue|Green|Yellow|Green|Blue|Pink/Magenta|Yellow|Blue,False,↓,19,0.0|0.013|0.026|0.039|0.053|0.066|0.079|0.092|0.105|0.118|0.132|0.145|0.329|0.342|0.355|0.368|0.382|0.395|0.408,Blue|Blue|Blue|Blue|Blue|Blue|Blue|Blue|Blue|Blue|Blue|Blue|Blue|Blue|Blue|Blue|Blue|Blue|Blue,0202320130
v12044gd0000d2thhjvog65tgh8pm00g.json.sequence.json,0,138,Green|Yellow|Green|Yellow|Unknown|Green|Yellow|Green|Unknown|Yellow|Green|Blue|Green|Blue|Green|Yellow|Blue|Unknown|Blue|Yellow|Unknown|Blue|Yellow|Blue|Yellow|Green|Yellow|Blue|Unknown|Green|Yellow|Unknown|Blue|Green|Yellow|Blue|Yellow|Blue|Green|Blue|Yellow|Unknown|Yellow|Blue|Unknown|Yellow|Blue|Yellow|Blue|Pink/Magenta|Green|Unknown|Pink/Magenta|Yellow|Unknown|Yellow|Blue|Green|Blue|Yellow|Pink/Magenta|Blue|Pink/Magenta|Blue|Green|Pink/Magenta|Green|Yellow|Green|Blue|Pink/Magenta|Unknown|Yellow|Unknown|Blue|Yellow|Green|Unknown|Yellow|Green,Yellow|Blue|Pink/Magenta|Green|Unknown|Pink/Magenta|Yellow|Unknown|Yellow|Blue|Green|Blue|Yellow|Pink/Magenta|Blue|Pink/Magenta|Blue|Green|Pink/Magenta|Green|Yellow|Green|Blue|Pink/Magenta|Unknown|Yellow|Unknown|Blue|Yellow|Green|Unknown|Yellow|Green|Green|Yellow|Green|Yellow|Unknown|Green|Yellow|Green|Unknown|Yellow|Green|Blue|Green|Blue|Green|Yellow|Blue|Unknown|Blue|Yellow|Unknown|Blue|Yellow|Blue|Yellow|Green|Yellow|Blue|Unknown|Green|Yellow|Unknown|Blue|Green|Yellow|Blue|Yellow|Blue|Green|Blue|Yellow|Unknown|Yellow|Blue|Unknown|Yellow|Blue,True,,30,0.0|0.007|0.029|0.066|0.124|0.307|0.321|0.328|0.387|0.394|0.467|0.474|0.569|0.577|0.664|0.672|0.679|0.737|0.745|0.752|0.759|0.81|0.847|0.861|0.869|0.927|0.934|0.942|0.978|0.985,Green|Green|Yellow|Green|Unknown|Yellow|Yellow|Yellow|Yellow|Yellow|Green|Green|Yellow|Unknown|Blue|Pink/Magenta|Pink/Magenta|Blue|Blue|Green|Green|Pink/Magenta|Green|Green|Yellow|Yellow|Yellow|Unknown|Unknown|Yellow,
v12044gd0000d2v2ad7og65qedn7062g.json.sequence.json,0,104,Blue|Yellow|Green|Blue|Green|Yellow|Green|Yellow|Blue|Green|Blue|Green|Blue|Green|Blue|Green|Blue|Pink/Magenta|Yellow|Green|Pink/Magenta|Blue|Pink/Magenta|Yellow|Pink/Magenta|Yellow|Green|Pink/Magenta|Yellow|Pink/Magenta|Green|Blue|Green|Yellow|Blue|Yellow|Blue|Yellow|Blue,Blue|Yellow|Green|Blue|Green|Yellow|Green|Yellow|Blue|Green|Blue|Green|Blue|Green|Blue|Green|Blue|Pink/Magenta|Yellow|Green|Pink/Magenta|Blue|Pink/Magenta|Yellow|Pink/Magenta|Yellow|Green|Pink/Magenta|Yellow|Pink/Magenta|Green|Blue|Green|Yellow|Blue|Yellow|Blue|Yellow|Blue,False,↓,23,0.01|0.019|0.029|0.068|0.078|0.311|0.32|0.33|0.34|0.456|0.466|0.476|0.485|0.495|0.505|0.583|0.738|0.757|0.767|0.777|0.806|0.816|1.0,Yellow|Yellow|Yellow|Green|Yellow|Green|Green|Green|Green|Pink/Magenta|Pink/Magenta|Pink/Magenta|Pink/Magenta|Pink/Magenta|Pink/Magenta|Pink/Magenta|Pink/Magenta|Pink/Magenta|Green|Green|Yellow|Yellow|Blue,032023230202020201321013132131202303030
v15044gf0000d29l69nog65hkej1drug.json.sequence.json,0,119,Pink/Magenta|Blue|Green|Blue|Green|Blue|Green|Blue|Green|Blue|Green|Blue|Green|Blue|Yellow|Blue|Pink/Magenta|Blue|Yellow|Green|Blue|Green|Pink/Magenta|Blue|Green|Blue|Green|Blue|Green|Yellow|Blue|Green|Blue|Yellow|Blue|Green|Blue|Yellow|Pink/Magenta|Blue|Green|Pink/Magenta|Blue|Green|Blue|Pink/Magenta|Green|Yellow,Blue|Pink/Magenta|Green|Yellow|Pink/Magenta|Blue|Green|Blue|Green|Blue|Green|Blue|Green|Blue|Green|Blue|Green|Blue|Yellow|Blue|Pink/Magenta|Blue|Yellow|Green|Blue|Green|Pink/Magenta|Blue|Green|Blue|Green|Blue|Green|Yellow|Blue|Green|Blue|Yellow|Blue|Green|Blue|Yellow|Pink/Magenta|Blue|Green|Pink/Magenta|Blue|Green,True,,14,0.093|0.153|0.161|0.169|0.305|0.314|0.322|0.771|0.797|0.805|0.814|0.822|0.949|0.966,Blue|Blue|Blue|Blue|Blue|Blue|Blue|Blue|Blue|Blue|Blue|Blue|Blue|Blue,012310202020202020301032021020202302030203102102
v15044gf0000d2flkovog65hjpqn71f0.json.sequence.json,0,146,Pink/Magenta|Yellow|Pink/Magenta|Yellow|Pink/Magenta|Yellow|Pink/Magenta|Yellow|Pink/Magenta|Yellow|Pink/Magenta|Yellow|Pink/Magenta|Yellow|Pink/Magenta|Yellow|Pink/Magenta|Yellow|Pink/Magenta|Yellow|Pink/Magenta|Yellow|Pink/Magenta|Yellow|Pink/Magenta|Yellow|Pink/Magenta|Yellow|Pink/Magenta|Yellow|Pink/Magenta|Yellow|Pink/Magenta|Yellow|Pink/Magenta|Yellow|Pink/Magenta,Pink/Magenta|Yellow|Pink/Magenta|Yellow|Pink/Magenta|Yellow|Pink/Magenta|Yellow|Pink/Magenta|Yellow|Pink/Magenta|Yellow|Pink/Magenta|Yellow|Pink/Magenta|Yellow|Pink/Magenta|Yellow|Pink/Magenta|Yellow|Pink/Magenta|Yellow|Pink/Magenta|Yellow|Pink/Magenta|Yellow|Pink/Magenta|Yellow|Pink/Magenta|Yellow|Pink/Magenta|Yellow|Pink/Magenta|Yellow|Pink/Magenta|Yellow|Pink/Magenta,False,↑,21,0.007|0.014|0.021|0.028|0.034|0.041|0.048|0.055|0.076|0.083|0.09|0.593|0.614|0.621|0.628|0.634|0.641|0.655|0.697|0.703|0.717,Pink/Magenta|Yellow|Pink/Magenta|Pink/Magenta|Pink/Magenta|Yellow|Yellow|Yellow|Yellow|Yellow|Yellow|Yellow|Pink/Magenta|Yellow|Yellow|Yellow|Yellow|Yellow|Pink/Magenta|Pink/Magenta|Yellow,1313131313131313131313131313131313131
v15044gf0000d2fr3lfog65rbo3ud6jg.json.sequence.json,0,26,Blue|Pink/Magenta|Blue|Pink/Magenta|Blue|Pink/Magenta|Blue|Pink/Magenta|Blue|Pink/Magenta|Blue|Pink/Magenta|Blue,Blue|Pink/Magenta|Blue|Pink/Magenta|Blue|Pink/Magenta|Blue|Pink/Magenta|Blue|Pink/Magenta|Blue|Pink/Magenta|Blue,False,,10,0.12|0.36|0.4|0.48|0.52|0.56|0.72|0.76|0.8|0.92,Blue|Blue|Blue|Pink/Magenta|Blue|Blue|Blue|Blue|Pink/Magenta|Blue,0101010101010
v15044gf0000d2ftmcfog65g2pr51j70.json.sequence.json,0,41,Blue|Pink/Magenta|Blue|Green|Pink/Magenta|Green|Blue|Green|Yellow|Pink/Magenta|Yellow|Pink/Magenta|Yellow|Green|Pink/Magenta|Yellow|Pink/Magenta|Yellow|Pink/Magenta|Yellow|Green|Blue|Green|Pink/Magenta|Green|Pink/Magenta|Green|Pink/Magenta|Yellow|Green,Blue|Pink/Magenta|Blue|Green|Pink/Magenta|Green|Blue|Green|Yellow|Pink/Magenta|Yellow|Pink/Magenta|Yellow|Green|Pink/Magenta|Yellow|Pink/Magenta|Yellow|Pink/Magenta|Yellow|Green|Blue|Green|Pink/Magenta|Green|Pink/Magenta|Green|Pink/Magenta|Yellow|Green,False,,7,0.0|0.25|0.475|0.55|0.7|0.725|0.75,Blue|Pink/Magenta|Pink/Magenta|Yellow|Pink/Magenta|Pink/Magenta|Green,010212023131321313132021212132
v15044gf0000d2gk20nog65g267kppig.json.sequence.json,0,69,Blue|Pink/Magenta|Blue|Pink/Magenta|Yellow|Pink/Magenta|Blue|Pink/Magenta|Blue|Pink/Magenta|Blue|Pink/Magenta|Blue|Pink/Magenta|Blue|Pink/Magenta|Blue|Pink/Magenta|Blue|Yellow|Pink/Magenta|Blue|Pink/Magenta|Blue|Pink/Magenta|Green|Pink/Magenta|Blue|Green|Blue|Green|Pink/Magenta|Blue|Pink/Magenta|Blue|Pink/Magenta|Blue|Pink/Magenta|Blue|Pink/Magenta,Blue|Pink/Magenta|Blue|Pink/Magenta|Yellow|Pink/Magenta|Blue|Pink/Magenta|Blue|Pink/Magenta|Blue|Pink/Magenta|Blue|Pink/Magenta|Blue|Pink/Magenta|Blue|Pink/Magenta|Blue|Yellow|Pink/Magenta|Blue|Pink/Magenta|Blue|Pink/Magenta|Green|Pink/Magenta|Blue|Green|Blue|Green|Pink/Magenta|Blue|Pink/Magenta|Blue|Pink/Magenta|Blue|Pink/Magenta|Blue|Pink/Magenta,False,,6,0.029|0.118|0.147|0.485|0.5|0.632,Blue|Pink/Magenta|Blue|Blue|Blue|Blue,0101310101010101010310101210202101010101
v15044gf0000d2gkmqvog65j2bgtitqg.json.sequence.json,0,78,Blue|Green|Blue|Pink/Magenta|Blue|Pink/Magenta|Blue|Pink/Magenta|Blue|Pink/Magenta|Blue|Pink/Magenta|Green|Pink/Magenta|Blue|Pink/Magenta|Blue|Pink/Magenta|Blue|Yellow|Blue|Green|Pink/Magenta|Blue|Pink/Magenta|Green|Blue|Pink/Magenta|Blue|Pink/Magenta|Blue,Blue|Green|Blue|Pink/Magenta|Blue|Pink/Magenta|Blue|Pink/Magenta|Blue|Pink/Magenta|Blue|Pink/Magenta|Green|Pink/Magenta|Blue|Pink/Magenta|Blue|Pink/Magenta|Blue|Yellow|Blue|Green|Pink/Magenta|Blue|Pink/Magenta|Green|Blue|Pink/Magenta|Blue|Pink/Magenta|Blue,False,,21,0.078|0.091|0.104|0.13|0.299|0.312|0.325|0.338|0.364|0.416|0.429|0.442|0.455|0.61|0.831|0.844|0.909|0.922|0.948|0.961|0.974,Blue|Green|Green|Blue|Blue|Blue|Blue|Blue|Blue|Blue|Blue|Blue|Blue|Blue|Blue|Blue|Blue|Blue|Blue|Blue|Blue,0201010101012101010302101201010
v15044gf0000d2gld7vog65leghdunsg.json.sequence.json,0,1,Blue,Blue,False,,0,,,0
v15044gf0000d2gld7vog65leghdunsg.json.sequence.json,1,1,Pink/Magenta,Pink/Magenta,False,↓,0,,,1
v15044gf0000d2gld7vog65leghdunsg.json.sequence.json,2,24,Blue|Pink/Magenta|Blue|Green|Blue|Pink/Magenta|Blue|Pink/Magenta|Blue|Green|Yellow|Pink/Magenta|Blue|Pink/Magenta|Green,Blue|Pink/Magenta|Blue|Green|Blue|Pink/Magenta|Blue|Pink/Magenta|Blue|Green|Yellow|Pink/Magenta|Blue|Pink/Magenta|Green,False,,8,0.261|0.391|0.565|0.609|0.652|0.739|0.826|0.913,Blue|Blue|Pink/Magenta|Blue|Blue|Green|Pink/Magenta|Pink/Magenta,010201010231012
v15044gf0000d2hjqh7og65nf6193bh0.json.sequence.json,0,58,Pink/Magenta|Blue|Yellow|Pink/Magenta|Green|Blue|Yellow|Blue|Pink/Magenta|Yellow|Green|Yellow|Pink/Magenta|Blue|Pink/Magenta|Blue|Yellow|Pink/Magenta|Yellow|Green|Yellow|Blue|Pink/Magenta|Green|Yellow|Green|Pink/Magenta,Green|Yellow|Blue|Pink/Magenta|Green|Yellow|Green|Pink/Magenta|Pink/Magenta|Blue|Yellow|Pink/Magenta|Green|Blue|Yellow|Blue|Pink/Magenta|Yellow|Green|Yellow|Pink/Magenta|Blue|Pink/Magenta|Blue|Yellow|Pink/Magenta|Yellow,True,↓,10,0.298|0.316|0.439|0.456|0.474|0.491|0.526|0.877|0.982|1.0,Blue|Pink/Magenta|Pink/Magenta|Pink/Magenta|Blue|Pink/Magenta|Blue|Blue|Green|Pink/Magenta,230123211031203013231010313
v15044gf0000d2ht9mnog65nf61i3sl0.json.sequence.json,0,149,Blue|Pink/Magenta|Blue|Pink/Magenta|Blue|Pink/Magenta|Blue|Pink/Magenta|Blue|Green|Blue|Green|Blue|Green|Blue|Green|Blue|Green|Blue|Green|Pink/Magenta|Green|Pink/Magenta|Blue|Pink/Magenta|Green|Blue|Green|Blue|Green|Yellow|Green|Pink/Magenta|Blue|Green|Blue|Green|Pink/Magenta|Blue|Pink/Magenta|Blue|Pink/Magenta,Blue|Pink/Magenta|Blue|Pink/Magenta|Blue|Pink/Magenta|Blue|Pink/Magenta|Blue|Green|Blue|Green|Blue|Green|Blue|Green|Blue|Green|Blue|Green|Pink/Magenta|Green|Pink/Magenta|Blue|Pink/Magenta|Green|Blue|Green|Blue|Green|Yellow|Green|Pink/Magenta|Blue|Green|Blue|Green|Pink/Magenta|Blue|Pink/Magenta|Blue|Pink/Magenta,False,↓,36,0.162|0.169|0.182|0.189|0.399|0.419|0.426|0.432|0.446|0.453|0.466|0.507|0.52|0.547|0.574|0.581|0.588|0.595|0.601|0.703|0.709|0.757|0.791|0.797|0.804|0.811|0.818|0.824|0.831|0.838|0.845|0.851|0.899|0.905|0.912|0.926,Blue|Blue|Blue|Blue|Blue|Green|Green|Green|Blue|Blue|Green|Blue|Blue|Green|Green|Green|Green|Green|Green|Blue|Blue|Green|Pink/Magenta|Blue|Blue|Blue|Blue|Blue|Blue|Blue|Blue|Blue|Blue|Blue|Blue|Pink/Magenta,010101010202020202021210120202321020210101
v15044gf0000d2ie6rfog65qka6atq7g.json.sequence.json,0,133,Blue|Pink/Magenta|Blue|Yellow|Blue|Pink/Magenta|Blue|Green|Blue|Pink/Magenta|Blue|Pink/Magenta|Green|Pink/Magenta|Blue|Pink/Magenta|Blue|Pink/Magenta|Blue|Pink/Magenta|Yellow|Pink/Magenta|Blue|Pink/Magenta|Blue|Pink/Magenta|Blue|Pink/Magenta|Blue|Pink/Magenta|Blue|Pink/Magenta|Blue|Yellow|Pink/Magenta|Yellow|Pink/Magenta|Green|Pink/Magenta|Blue|Pink/Magenta|Blue|Pink/Magenta|Blue|Pink/Magenta|Blue|Pink/Magenta|Blue,Blue|Pink/Magenta|Blue|Yellow|Blue|Pink/Magenta|Blue|Green|Blue|Pink/Magenta|Blue|Pink/Magenta|Green|Pink/Magenta|Blue|Pink/Magenta|Blue|Pink/Magenta|Blue|Pink/Magenta|Yellow|Pink/Magenta|Blue|Pink/Magenta|Blue|Pink/Magenta|Blue|Pink/Magenta|Blue|Pink/Magenta|Blue|Pink/Magenta|Blue|Yellow|Pink/Magenta|Yellow|Pink/Magenta|Green|Pink/Magenta|Blue|Pink/Magenta|Blue|Pink/Magenta|Blue|Pink/Magenta|Blue|Pink/Magenta|Blue,False,,32,0.015|0.205|0.258|0.265|0.288|0.295|0.303|0.356|0.364|0.379|0.477|0.53|0.538|0.674|0.689|0.697|0.705|0.712|0.742|0.75|0.758|0.765|0.773|0.788|0.826|0.856|0.894|0.947|0.962|0.977|0.985|1.0,Blue|Pink/Magenta|Pink/Magenta|Pink/Magenta|Pink/Magenta|Pink/Magenta|Pink/Magenta|Pink/Magenta|Pink/Magenta|Pink/Magenta|Pink/Magenta|Blue|Pink/Magenta|Pink/Magenta|Yellow|Yellow|Pink/Magenta|Pink/Magenta|Pink/Magenta|Pink/Magenta|Pink/Magenta|Pink/Magenta|Pink/Magenta|Pink/Magenta|Pink/Magenta|Pink/Magenta|Pink/Magenta|Blue|Blue|Blue|Blue|Blue,010301020101210101013101010101010313121010101010
v15044gf0000d2iiaufog65l626ia17g.json.sequence.json,0,147,Blue|Yellow|Pink/Magenta|Yellow|Pink/Magenta|Yellow|Green|Yellow|Pink/Magenta|Yellow|Blue|Pink/Magenta|Yellow|Pink/Magenta|Yellow|Pink/Magenta|Yellow|Pink/Magenta|Yellow|Pink/Magenta|Yellow|Pink/Magenta|Yellow|Pink/Magenta|Yellow|Pink/Magenta|Yellow|Pink/Magenta|Blue|Pink/Magenta|Blue|Yellow|Green|Yellow|Green|Yellow|Green|Yellow|Green|Yellow|Blue|Yellow|Pink/Magenta|Yellow,Blue|Yellow|Pink/Magenta|Yellow|Pink/Magenta|Yellow|Green|Yellow|Pink/Magenta|Yellow|Blue|Pink/Magenta|Yellow|Pink/Magenta|Yellow|Pink/Magenta|Yellow|Pink/Magenta|Yellow|Pink/Magenta|Yellow|Pink/Magenta|Yellow|Pink/Magenta|Yellow|Pink/Magenta|Yellow|Pink/Magenta|Blue|Pink/Magenta|Blue|Yellow|Green|Yellow|Green|Yellow|Green|Yellow|Green|Yellow|Blue|Yellow|Pink/Magenta|Yellow,False,,29,0.021|0.062|0.068|0.075|0.103|0.178|0.233|0.24|0.26|0.267|0.281|0.37|0.377|0.411|0.418|0.425|0.432|0.493|0.534|0.726|0.767|0.774|0.801|0.863|0.87|0.877|0.897|0.938|1.0,Blue|Pink/Magenta|Yellow|Yellow|Yellow|Pink/Magenta|Yellow|Yellow|Yellow|Yellow|Yellow|Pink/Magenta|Pink/Magenta|Pink/Magenta|Pink/Magenta|Yellow|Yellow|Yellow|Pink/Magenta|Blue|Yellow|Yellow|Yellow|Green|Yellow|Yellow|Yellow|Yellow|Yellow,03131323130131313131313131310103232323230313
v15044gf0000d2iifsnog65r86tlmk0g.json.sequence.json,0,134,Blue|Green|Blue|Pink/Magenta|Yellow|Blue|Yellow|Blue|Green|Blue|Green|Blue|Pink/Magenta|Blue|Pink/Magenta|Blue|Pink/Magenta|Blue|Pink/Magenta|Blue|Green|Blue|Pink/Magenta|Yellow|Blue|Pink/Magenta|Blue|Pink/Magenta|Blue|Green|Blue|Pink/Magenta|Blue|Pink/Magenta|Blue|Yellow|Pink/Magenta|Blue|Yellow|Green|Blue|Pink/Magenta|Blue|Yellow|Blue|Yellow|Blue|Pink/Magenta|Blue|Pink/Magenta|Blue|Pink/Magenta|Blue,Blue|Green|Blue|Pink/Magenta|Yellow|Blue|Yellow|Blue|Green|Blue|Green|Blue|Pink/Magenta|Blue|Pink/Magenta|Blue|Pink/Magenta|Blue|Pink/Magenta|Blue|Green|Blue|Pink/Magenta|Yellow|Blue|Pink/Magenta|Blue|Pink/Magenta|Blue|Green|Blue|Pink/Magenta|Blue|Pink/Magenta|Blue|Yellow|Pink/Magenta|Blue|Yellow|Green|Blue|Pink/Magenta|Blue|Yellow|Blue|Yellow|Blue|Pink/Magenta|Blue|Pink/Magenta|Blue|Pink/Magenta|Blue,False,↓,31,0.12|0.128|0.218|0.226|0.233|0.256|0.278|0.376|0.391|0.436|0.451|0.586|0.602|0.609|0.617|0.624|0.632|0.647|0.662|0.752|0.759|0.782|0.827|0.857|0.865|0.887|0.895|0.902|0.91|0.917|0.925,Blue|Blue|Blue|Blue|Blue|Blue|Blue|Blue|Blue|Blue|Blue|Blue|Blue|Blue|Blue|Pink/Magenta|Blue|Blue|Blue|Blue|Blue|Blue|Pink/Magenta|Blue|Blue|Blue|Blue|Blue|Blue|Blue|Blue,02013030202010101010201301010201010310320103030101010
v15044gf0000d2iijmvog65i9etndc70.json.sequence.json,0,90,Pink/Magenta|Green|Pink/Magenta|Yellow|Pink/Magenta|Yellow|Blue|Yellow|Pink/Magenta|Yellow|Green|Yellow|Green|Yellow|Green|Pink/Magenta|Yellow|Blue|Yellow|Blue|Yellow|Pink/Magenta|Green|Yellow|Green|Pink/Magenta|Yellow|Green|Pink/Magenta|Blue|Green|Pink/Magenta|Blue|Pink/Magenta|Blue|Pink/Magenta|Blue|Yellow|Blue|Pink/Magenta|Blue|Pink/Magenta|Blue|Green,Pink/Magenta|Green|Pink/Magenta|Yellow|Pink/Magenta|Yellow|Blue|Yellow|Pink/Magenta|Yellow|Green|Yellow|Green|Yellow|Green|Pink/Magenta|Yellow|Blue|Yellow|Blue|Yellow|Pink/Magenta|Green|Yellow|Green|Pink/Magenta|Yellow|Green|Pink/Magenta|Blue|Green|Pink/Magenta|Blue|Pink/Magenta|Blue|Pink/Magenta|Blue|Yellow|Blue|Pink/Magenta|Blue|Pink/Magenta|Blue|Green,False,,16,0.0|0.022|0.202|0.36|0.393|0.461|0.472|0.494|0.517|0.596|0.719|0.798|0.809|0.843|0.854|1.0,Pink/Magenta|Pink/Magenta|Pink/Magenta|Pink/Magenta|Blue|Yellow|Yellow|Yellow|Blue|Yellow|Blue|Blue|Pink/Magenta|Yellow|Yellow|Green,12131303132323213030312321321021010103010102
v15044gf0000d2j6b17og65tfia5e8sg.json.sequence.json,0,139,Blue|Pink/Magenta|Blue|Pink/Magenta|Blue|Pink/Magenta|Green|Pink/Magenta|Blue|Pink/Magenta|Yellow|Blue|Pink/Magenta|Blue|Pink/Magenta|Blue|Pink/Magenta|Yellow|Pink/Magenta|Blue|Pink/Magenta|Yellow|Pink/Magenta|Blue|Pink/Magenta|Blue|Pink/Magenta|Blue|Pink/Magenta|Green|Blue|Pink/Magenta|Blue|Pink/Magenta|Blue|Pink/Magenta|Blue|Pink/Magenta|Blue|Pink/Magenta|Blue|Pink/Magenta|Yellow|Pink/Magenta|Blue|Pink/Magenta|Yellow|Blue|Pink/Magenta|Blue|Pink/Magenta,Blue|Pink/Magenta|Blue|Pink/Magenta|Blue|Pink/Magenta|Green|Pink/Magenta|Blue|Pink/Magenta|Yellow|Blue|Pink/Magenta|Blue|Pink/Magenta|Blue|Pink/Magenta|Yellow|Pink/Magenta|Blue|Pink/Magenta|Yellow|Pink/Magenta|Blue|Pink/Magenta|Blue|Pink/Magenta|Blue|Pink/Magenta|Green|Blue|Pink/Magenta|Blue|Pink/Magenta|Blue|Pink/Magenta|Blue|Pink/Magenta|Blue|Pink/Magenta|Blue|Pink/Magenta|Yellow|Pink/Magenta|Blue|Pink/Magenta|Yellow|Blue|Pink/Magenta|Blue|Pink/Magenta,False,,39,0.0|0.014|0.022|0.094|0.123|0.138|0.167|0.232|0.239|0.246|0.261|0.275|0.304|0.341|0.384|0.391|0.399|0.522|0.543|0.572|0.58|0.616|0.623|0.63|0.638|0.659|0.696|0.71|0.717|0.725|0.746|0.761|0.768|0.812|0.833|0.855|0.884|0.957|0.964,Blue|Pink/Magenta|Pink/Magenta|Green|Blue|Pink/Magenta|Pink/Magenta|Pink/Magenta|Blue|Blue|Blue|Blue|Blue|Pink/Magenta|Pink/Magenta|Pink/Magenta|Pink/Magenta|Pink/Magenta|Pink/Magenta|Blue|Blue|Pink/Magenta|Pink/Magenta|Green|Blue|Blue|Blue|Blue|Blue|Blue|Pink/Magenta|Blue|Blue|Pink/Magenta|Blue|Pink/Magenta|Pink/Magenta|Blue|Blue,010101210130101013101310101012010101010101310130101
v15044gf0000d2jrvv7og65q7lr92if0.json.sequence.json,0,79,Yellow|Pink/Magenta|Blue|Pink/Magenta|Yellow|Pink/Magenta|Yellow|Blue|Pink/Magenta|Blue|Yellow|Pink/Magenta|Yellow|Blue|Yellow|Pink/Magenta|Yellow|Unknown|Yellow|Pink/Magenta|Yellow|Blue|Pink/Magenta|Blue|Pink/Magenta|Yellow|Blue|Pink/Magenta|Yellow|Pink/Magenta|Yellow|Pink/Magenta|Yellow|Blue|Yellow|Pink/Magenta|Blue|Pink/Magenta,Yellow|Pink/Magenta|Blue|Pink/Magenta|Yellow|Pink/Magenta|Yellow|Blue|Pink/Magenta|Blue|Yellow|Pink/Magenta|Yellow|Blue|Yellow|Pink/Magenta|Yellow|Unknown|Yellow|Pink/Magenta|Yellow|Blue|Pink/Magenta|Blue|Pink/Magenta|Yellow|Blue|Pink/Magenta|Yellow|Pink/Magenta|Yellow|Pink/Magenta|Yellow|Blue|Yellow|Pink/Magenta|Blue|Pink/Magenta,False,,17,0.115|0.154|0.167|0.179|0.192|0.231|0.308|0.321|0.41|0.538|0.603|0.615|0.628|0.641|0.654|0.821|0.91,Pink/Magenta|Yellow|Blue|Blue|Pink/Magenta|Blue|Pink/Magenta|Pink/Magenta|Unknown|Yellow|Yellow|Yellow|Yellow|Yellow|Yellow|Yellow|Blue,
v15044gf0000d2js9uvog65r8b9dc63g.json.sequence.json,0,164,Blue|Green|Blue|Pink/Magenta|Blue|Yellow|Green|Blue|Yellow|Blue|Green|Blue|Green|Pink/Magenta|Green|Pink/Magenta|Blue|Pink/Magenta|Green|Blue|Yellow|Green|Pink/Magenta|Blue|Pink/Magenta|Blue|Yellow|Pink/Magenta|Blue|Pink/Magenta|Blue|Pink/Magenta|Yellow|Green|Pink/Magenta|Yellow|Blue|Pink/Magenta|Blue|Pink/Magenta|Green|Pink/Magenta|Blue|Green|Pink/Magenta|Blue|Pink/Magenta|Yellow|Pink/Magenta|Green|Blue|Pink/Magenta|Green|Blue|Pink/Magenta|Yellow|Blue|Yellow|Pink/Magenta|Yellow|Blue|Pink/Magenta|Yellow|Pink/Magenta|Green|Yellow|Pink/Magenta|Blue|Pink/Magenta|Blue|Green|Pink/Magenta|Green|Pink/Magenta|Yellow|Blue|Pink/Magenta|Green|Blue|Yellow|Blue|Yellow|Pink/Magenta|Green|Pink/Magenta|Blue|Green|Yellow|Blue|Yellow|Blue,Yellow|Blue|Pink/Magenta|Green|Blue|Yellow|Blue|Yellow|Pink/Magenta|Green|Pink/Magenta|Blue|Green|Yellow|Blue|Yellow|Blue|Blue|Green|Blue|Pink/Magenta|Blue|Yellow|Green|Blue|Yellow|Blue|Green|Blue|Green|Pink/Magenta|Green|Pink/Magenta|Blue|Pink/Magenta|Green|Blue|Yellow|Green|Pink/Magenta|Blue|Pink/Magenta|Blue|Yellow|Pink/Magenta|Blue|Pink/Magenta|Blue|Pink/Magenta|Yellow|Green|Pink/Magenta|Yellow|Blue|Pink/Magenta|Blue|Pink/Magenta|Green|Pink/Magenta|Blue|Green|Pink/Magenta|Blue|Pink/Magenta|Yellow|Pink/Magenta|Green|Blue|Pink/Magenta|Green|Blue|Pink/Magenta|Yellow|Blue|Yellow|Pink/Magenta|Yellow|Blue|Pink/Magenta|Yellow|Pink/Magenta|Green|Yellow|Pink/Magenta|Blue|Pink/Magenta|Blue|Green|Pink/Magenta|Green|Pink/Magenta,True,↑,26,0.043|0.221|0.227|0.233|0.245|0.27|0.282|0.294|0.313|0.319|0.325|0.337|0.344|0.362|0.374|0.387|0.454|0.601|0.62|0.626|0.742|0.748|0.933|0.969|0.975|1.0,Blue|Blue|Green|Pink/Magenta|Green|Blue|Pink/Magenta|Blue|Pink/Magenta|Pink/Magenta|Pink/Magenta|Pink/Magenta|Pink/Magenta|Pink/Magenta|Pink/Magenta|Pink/Magenta|Blue|Blue|Blue|Pink/Magenta|Blue|Pink/Magenta|Green|Blue|Blue|Blue,3012030312102303002010320302021210120321010310101321301012102101312012013031301312310102121
v15044gf0000d2jt6u7og65s1kh4jhq0.json.sequence.json,0,74,Yellow|Blue|Yellow|Blue|Pink/Magenta|Blue|Pink/Magenta|Blue|Pink/Magenta|Blue|Pink/Magenta|Blue|Pink/Magenta|Blue|Pink/Magenta|Blue|Yellow|Blue|Pink/Magenta|Blue|Yellow|Blue|Yellow|Blue|Yellow|Blue|Pink/Magenta|Blue|Yellow|Blue|Pink/Magenta|Blue|Yellow|Blue|Pink/Magenta|Blue|Yellow,Yellow|Blue|Yellow|Blue|Pink/Magenta|Blue|Pink/Magenta|Blue|Pink/Magenta|Blue|Pink/Magenta|Blue|Pink/Magenta|Blue|Pink/Magenta|Blue|Yellow|Blue|Pink/Magenta|Blue|Yellow|Blue|Yellow|Blue|Yellow|Blue|Pink/Magenta|Blue|Yellow|Blue|Pink/Magenta|Blue|Yellow|Blue|Pink/Magenta|Blue|Yellow,False,↓,8,0.082|0.329|0.342|0.452|0.466|0.603|0.685|0.753,Blue|Pink/Magenta|Pink/Magenta|Pink/Magenta|Blue|Blue|Blue|Blue,3030101010101010301030303010301030103
v15044gf0000d2jt9vfog65vjgteco5g.json.sequence.json,0,46,Yellow|Blue|Yellow|Green|Yellow|Pink/Magenta|Blue|Pink/Magenta|Blue,Yellow|Blue|Yellow|Green|Yellow|Pink/Magenta|Blue|Pink/Magenta|Blue,False,↓,9,0.0|0.022|0.111|0.133|0.156|0.178|0.222|0.822|0.978,Yellow|Blue|Yellow|Yellow|Yellow|Yellow|Yellow|Yellow|Blue,303231010
v15044gf0000d2tq7hnog65n4dbc2500_e010_005250_inlinefast.json.sequence.json,0,40,Blue|Yellow|Blue|Pink/Magenta|Blue|Pink/Magenta|Green|Blue|Yellow|Blue|Yellow|Pink/Magenta|Blue|Pink/Magenta|Yellow|Blue|Pink/Magenta|Green|Yellow|Blue|Green|Pink/Magenta|Yellow|Pink/Magenta|Yellow|Green|Pink/Magenta,Yellow|Blue|Pink/Magenta|Green|Yellow|Blue|Green|Pink/Magenta|Yellow|Pink/Magenta|Yellow|Green|Pink/Magenta|Blue|Yellow|Blue|Pink/Magenta|Blue|Pink/Magenta|Green|Blue|Yellow|Blue|Yellow|Pink/Magenta|Blue|Pink/Magenta,True,↑,6,0.0|0.077|0.359|0.615|0.667|0.769,Blue|Pink/Magenta|Blue|Yellow|Blue|Pink/Magenta,301230213132103010120303101
v15044gf0000d2tq7hnog65n4dbc2500_e010_005250_inlinefast.json.sequence.json,1,40,Blue|Yellow|Blue|Pink/Magenta|Blue|Pink/Magenta|Green|Blue|Yellow|Blue|Yellow|Pink/Magenta|Blue|Pink/Magenta|Yellow|Blue|Pink/Magenta|Green|Yellow|Blue|Green|Pink/Magenta|Yellow|Pink/Magenta|Yellow|Green|Pink/Magenta,Yellow|Blue|Pink/Magenta|Green|Yellow|Blue|Green|Pink/Magenta|Yellow|Pink/Magenta|Yellow|Green|Pink/Magenta|Blue|Yellow|Blue|Pink/Magenta|Blue|Pink/Magenta|Green|Blue|Yellow|Blue|Yellow|Pink/Magenta|Blue|Pink/Magenta,True,↑,6,0.0|0.077|0.359|0.615|0.667|0.769,Blue|Pink/Magenta|Blue|Yellow|Blue|Pink/Magenta,301230213132103010120303101
v15044gf0000d2tq7hnog65n4dbc2500_e010_005250_inlinefast.json.sequence.json,2,58,Green|Pink/Magenta|Green|Blue|Green|Yellow|Pink/Magenta|Green|Pink/Magenta|Yellow|Green|Pink/Magenta|Green|Yellow|Pink/Magenta|Yellow|Pink/Magenta|Green|Pink/Magenta|Green|Pink/Magenta|Yellow|Pink/Magenta|Yellow|Green|Pink/Magenta|Yellow|Blue|Yellow|Unknown|Pink/Magenta|Yellow,Green|Pink/Magenta|Green|Blue|Green|Yellow|Pink/Magenta|Green|Pink/Magenta|Yellow|Green|Pink/Magenta|Green|Yellow|Pink/Magenta|Yellow|Pink/Magenta|Green|Pink/Magenta|Green|Pink/Magenta|Yellow|Pink/Magenta|Yellow|Green|Pink/Magenta|Yellow|Blue|Yellow|Unknown|Pink/Magenta|Yellow,False,↓,16,0.018|0.035|0.193|0.228|0.263|0.281|0.298|0.316|0.404|0.421|0.439|0.561|0.807|0.912|0.93|0.947,Pink/Magenta|Pink/Magenta|Pink/Magenta|Green|Yellow|Green|Green|Green|Green|Yellow|Yellow|Pink/Magenta|Green|Unknown|Unknown|Pink/Magenta,
v15044gf0000d2tq7hnog65n4dbc2500_e010_005250_inlinefast.json.sequence.json,3,136,Blue|Yellow|Blue|Pink/Magenta|Blue|Pink/Magenta|Green|Blue|Yellow|Blue|Yellow|Pink/Magenta|Blue|Pink/Magenta|Yellow|Blue|Pink/Magenta|Green|Yellow|Blue|Green|Pink/Magenta|Yellow|Pink/Magenta|Yellow|Green|Pink/Magenta|Blue|Pink/Magenta|Green|Yellow|Pink/Magenta|Yellow|Pink/Magenta|Green|Yellow|Green|Blue|Pink/Magenta|Green|Blue|Green|Blue|Yellow|Blue|Green|Blue|Pink/Magenta|Green|Yellow|Green|Yellow|Green|Pink/Magenta|Green|Blue|Green|Yellow|Pink/Magenta|Green|Pink/Magenta|Yellow|Green|Pink/Magenta|Green|Yellow|Pink/Magenta|Yellow|Pink/Magenta|Green|Pink/Magenta|Yellow|Green|Pink/Magenta|Yellow|Pink/Magenta|Yellow,Yellow|Blue|Pink/Magenta|Green|Yellow|Blue|Green|Pink/Magenta|Yellow|Pink/Magenta|Yellow|Green|Pink/Magenta|Blue|Pink/Magenta|Green|Yellow|Pink/Magenta|Yellow|Pink/Magenta|Green|Yellow|Green|Blue|Pink/Magenta|Green|Blue|Green|Blue|Yellow|Blue|Green|Blue|Pink/Magenta|Green|Yellow|Green|Yellow|Green|Pink/Magenta|Green|Blue|Green|Yellow|Pink/Magenta|Green|Pink/Magenta|Yellow|Green|Pink/Magenta|Green|Yellow|Pink/Magenta|Yellow|Pink/Magenta|Green|Pink/Magenta|Yellow|Green|Pink/Magenta|Yellow|Pink/Magenta|Yellow|Blue|Yellow|Blue|Pink/Magenta|Blue|Pink/Magenta|Green|Blue|Yellow|Blue|Yellow|Pink/Magenta|Blue|Pink/Magenta,True,↑,24,0.0|0.022|0.104|0.178|0.193|0.222|0.437|0.519|0.6|0.607|0.674|0.689|0.704|0.711|0.719|0.726|0.763|0.77|0.778|0.83|0.896|0.985|0.993|1.0,Blue|Pink/Magenta|Blue|Yellow|Blue|Pink/Magenta|Blue|Blue|Pink/Magenta|Pink/Magenta|Pink/Magenta|Green|Yellow|Green|Green|Green|Green|Yellow|Yellow|Pink/Magenta|Yellow|Yellow|Yellow|Yellow,30123021313210123131232012020302012323212023121321231312132131303010120303101
v15044gf0000d2tq7hnog65n4dbc2500_e010_005250_inlinefast.json.sequence.json,4,40,Blue|Yellow|Blue|Pink/Magenta|Green|Blue|Yellow|Blue|Green|Yellow|Green|Yellow|Blue|Yellow|Blue|Green|Blue|Green|Blue|Green|Blue|Yellow,Yellow|Blue|Pink/Magenta|Green|Blue|Yellow|Blue|Green|Yellow|Green|Yellow|Blue|Yellow|Blue|Green|Blue|Green|Blue|Green|Blue|Yellow|Blue,True,↓,19,0.0|0.051|0.103|0.128|0.154|0.205|0.256|0.308|0.436|0.462|0.513|0.667|0.692|0.718|0.744|0.795|0.949|0.974|1.0,Blue|Yellow|Blue|Pink/Magenta|Green|Blue|Yellow|Blue|Green|Green|Blue|Blue|Blue|Blue|Green|Blue|Blue|Blue|Yellow,3012030232303020202030
v15044gf0000d2tq7hnog65n4dbc2500_e010_005250_inlinefast.json.sequence.json,5,27,Blue|Pink/Magenta|Green|Blue|Yellow|Green|Pink/Magenta|Yellow|Green|Yellow|Pink/Magenta|Yellow|Green|Yellow,Green|Yellow|Blue|Pink/Magenta|Green|Blue|Yellow|Green|Pink/Magenta|Yellow|Green|Yellow|Pink/Magenta|Yellow,True,↑,8,0.038|0.115|0.192|0.231|0.308|0.423|0.615|0.769,Pink/Magenta|Blue|Green|Green|Yellow|Yellow|Pink/Magenta|Green,23012032132313
v15044gf0000d2tq7hnog65n4dbc2500_e010_005250_inlinefast.json.sequence.json,6,1,Blue,Blue,False,,1,0.0,Blue,0
v15044gf0000d2tq7hnog65n4dbc2500_e010_005250_inlinefast.json.sequence.json,7,16,Yellow|Pink/Magenta|Yellow|Pink/Magenta|Yellow|Pink/Magenta|Green,Yellow|Pink/Magenta|Yellow|Pink/Magenta|Yellow|Pink/Magenta|Green,False,,1,0.867,Yellow,3131312
v15044gf0000d2tq7hnog65n4dbc2500_e010_005250_inlinefast.json.sequence.json,8,8,Pink/Magenta|Yellow|Blue|Yellow,Pink/Magenta|Yellow|Blue|Yellow,False,,1,0.286,Yellow,1303
v15044gf0000d2tq7hnog65n4dbc2500_e010_005250_inlinefast.json.sequence.json,9,23,Pink/Magenta|Yellow|Blue|Green|Yellow|Blue|Green|Pink/Magenta|Yellow|Green|Yellow|Green|Yellow|Green,Pink/Magenta|Yellow|Blue|Green|Yellow|Blue|Green|Pink/Magenta|Yellow|Green|Yellow|Green|Yellow|Green,False,↑,1,0.864,Yellow,13023021323232
v15044gf0000d2tq7hnog65n4dbc2500_e010_005250_inlinefast.json.sequence.json,10,17,Pink/Magenta|Yellow|Blue|Pink/Magenta|Blue|Pink/Magenta|Blue|Green|Blue|Pink/Magenta,Pink/Magenta|Yellow|Blue|Pink/Magenta|Blue|Pink/Magenta|Blue|Green|Blue|Pink/Magenta,False,,5,0.312|0.562|0.688|0.812|0.938,Blue|Pink/Magenta|Blue|Green|Blue,1301010201
v15044gf0000d2tq7hnog65n4dbc2500_e010_005250_inlinefast.json.sequence.json,11,40,Blue|Yellow|Blue|Pink/Magenta|Blue|Pink/Magenta|Green|Blue|Yellow|Blue|Yellow|Pink/Magenta|Blue|Pink/Magenta|Yellow|Blue|Pink/Magenta|Green|Yellow|Blue|Green|Pink/Magenta|Yellow|Pink/Magenta|Yellow|Green|Yellow,Yellow|Blue|Pink/Magenta|Green|Yellow|Blue|Green|Pink/Magenta|Yellow|Pink/Magenta|Yellow|Green|Yellow|Blue|Yellow|Blue|Pink/Magenta|Blue|Pink/Magenta|Green|Blue|Yellow|Blue|Yellow|Pink/Magenta|Blue|Pink/Magenta,True,↑,6,0.0|0.077|0.359|0.615|0.667|0.769,Blue|Pink/Magenta|Blue|Yellow|Blue|Pink/Magenta,301230213132303010120303101
v15044gf0000d2tq7hnog65n4dbc2500_e010_005250_inlinefast.json.sequence.json,12,28,Yellow|Green|Pink/Magenta|Green|Pink/Magenta|Blue|Yellow|Blue|Yellow|Blue|Yellow|Pink/Magenta|Yellow|Blue|Yellow|Green|Pink/Magenta|Yellow|Blue|Yellow,Yellow|Green|Pink/Magenta|Green|Pink/Magenta|Blue|Yellow|Blue|Yellow|Blue|Yellow|Pink/Magenta|Yellow|Blue|Yellow|Green|Pink/Magenta|Yellow|Blue|Yellow,False,↑,3,0.519|0.741|1.0,Yellow|Yellow|Yellow,32121030303130321303
v15044gf0000d2tq7hnog65n4dbc2500_e010_005250_inlinefast.json.sequence.json,13,1,Pink/Magenta,Pink/Magenta,False,↑,0,,,1
v15044gf0000d2tq7hnog65n4dbc2500_e010_005250_inlinefast.json.sequence.json,14,20,Blue|Green|Yellow|Blue|Pink/Magenta|Green|Blue|Pink/Magenta|Yellow|Pink/Magenta|Green,Green|Yellow|Blue|Pink/Magenta|Green|Blue|Pink/Magenta|Yellow|Pink/Magenta|Green|Blue,True,↑,2,0.0|0.789,Blue|Pink/Magenta,23012013120
v15044gf0000d2tq7hnog65n4dbc2500_e010_005250_inlinefast.json.sequence.json,15,40,Blue|Yellow|Blue|Pink/Magenta|Blue|Pink/Magenta|Green|Blue|Yellow|Blue|Yellow|Pink/Magenta|Blue|Pink/Magenta|Yellow|Blue|Pink/Magenta|Green|Yellow|Blue|Green|Pink/Magenta|Yellow|Pink/Magenta|Yellow|Green|Pink/Magenta,Yellow|Blue|Pink/Magenta|Green|Yellow|Blue|Green|Pink/Magenta|Yellow|Pink/Magenta|Yellow|Green|Pink/Magenta|Blue|Yellow|Blue|Pink/Magenta|Blue|Pink/Magenta|Green|Blue|Yellow|Blue|Yellow|Pink/Magenta|Blue|Pink/Magenta,True,↑,6,0.0|0.077|0.359|0.615|0.667|0.769,Blue|Pink/Magenta|Blue|Yellow|Blue|Pink/Magenta,301230213132103010120303101
v15044gf0000d2tq7hnog65n4dbc2500_e010_005250_inlinefast.json.sequence.json,16,35,Blue|Unknown|Pink/Magenta|Unknown|Blue|Unknown|Yellow|Unknown|Pink/Magenta|Unknown|Green|Unknown|Pink/Magenta|Unknown|Blue|Unknown|Pink/Magenta|Blue|Green|Unknown|Yellow|Unknown|Green|Blue|Unknown|Pink/Magenta|Yellow|Green,Blue|Unknown|Pink/Magenta|Unknown|Blue|Unknown|Yellow|Unknown|Pink/Magenta|Unknown|Green|Unknown|Pink/Magenta|Unknown|Blue|Unknown|Pink/Magenta|Blue|Green|Unknown|Yellow|Unknown|Green|Blue|Unknown|Pink/Magenta|Yellow|Green,False,↑,2,0.088|0.118,Unknown|Unknown,
v15044gf0000d2tq7hnog65n4dbc2500_e010_005250_inlinefast.json.sequence.json,17,3,Yellow,Yellow,False,↓,2,0.0|1.0,Yellow|Yellow,3
v15044gf0000d2tq7hnog65n4dbc2500_e010_005250_inlinefast.json.sequence.json,18,1,Blue,Blue,False,,1,0.0,Blue,0
v15044gf0000d2tq7hnog65n4dbc2500_e010_005250_inlinefast.json.sequence.json,19,40,Blue|Yellow|Blue|Pink/Magenta|Blue|Pink/Magenta|Green|Blue|Yellow|Blue|Yellow|Pink/Magenta|Blue|Pink/Magenta|Yellow|Blue|Pink/Magenta|Green|Yellow|Blue|Green|Pink/Magenta|Yellow|Pink/Magenta|Yellow|Green|Pink/Magenta,Yellow|Blue|Pink/Magenta|Green|Yellow|Blue|Green|Pink/Magenta|Yellow|Pink/Magenta|Yellow|Green|Pink/Magenta|Blue|Yellow|Blue|Pink/Magenta|Blue|Pink/Magenta|Green|Blue|Yellow|Blue|Yellow|Pink/Magenta|Blue|Pink/Magenta,True,↑,6,0.0|0.077|0.359|0.615|0.667|0.769,Blue|Pink/Magenta|Blue|Yellow|Blue|Pink/Magenta,301230213132103010120303101
v15044gf0000d2tq7hnog65n4dbc2500_e010_005250_inlinefast.json.sequence.json,20,13,Blue|Yellow|Blue|Pink/Magenta|Blue|Pink/Magenta|Green|Blue|Yellow,Blue|Yellow|Blue|Pink/Magenta|Blue|Pink/Magenta|Green|Blue|Yellow,False,↑,2,0.0|0.25,Blue|Pink/Magenta,030101203
v15044gf0000d2tq7hnog65n4dbc2500_e010_005250_inlinefast.json.sequence.json,21,20,Pink/Magenta|Blue|Green|Yellow|Pink/Magenta|Yellow|Green|Blue|Yellow|Pink/Magenta,Pink/Magenta|Blue|Green|Yellow|Pink/Magenta|Yellow|Green|Blue|Yellow|Pink/Magenta,False,↓,7,0.0|0.053|0.105|0.316|0.684|0.789|0.895,Pink/Magenta|Pink/Magenta|Pink/Magenta|Pink/Magenta|Yellow|Yellow|Pink/Magenta,1023132031
v15044gf0000d2tq7hnog65n4dbc2500_e010_005250_inlinefast.json.sequence.json,22,20,Blue|Green|Yellow|Blue|Pink/Magenta|Green|Blue|Pink/Magenta|Yellow|Pink/Magenta|Green,Green|Yellow|Blue|Pink/Magenta|Green|Blue|Pink/Magenta|Yellow|Pink/Magenta|Green|Blue,True,↑,2,0.0|0.789,Blue|Pink/Magenta,23012013120
v15044gf0000d2tq7hnog65n4dbc2500_e010_005250_inlinefast.json.sequence.json,23,20,Blue|Green|Yellow|Blue|Pink/Magenta|Green|Blue|Pink/Magenta|Yellow|Pink/Magenta|Green,Green|Yellow|Blue|Pink/Magenta|Green|Blue|Pink/Magenta|Yellow|Pink/Magenta|Green|Blue,True,↑,2,0.0|0.789,Blue|Pink/Magenta,23012013120
v15044gf0000d2tsac7og65i8muc9e00.json.sequence.json,0,137,Pink/Magenta|Yellow|Pink/Magenta|Blue|Pink/Magenta|Blue|Pink/Magenta|Blue|Pink/Magenta|Blue|Pink/Magenta|Blue|Pink/Magenta|Blue|Pink/Magenta|Blue|Pink/Magenta|Blue|Pink/Magenta|Blue|Pink/Magenta|Blue|Pink/Magenta|Blue|Pink/Magenta,Pink/Magenta|Yellow|Pink/Magenta|Blue|Pink/Magenta|Blue|Pink/Magenta|Blue|Pink/Magenta|Blue|Pink/Magenta|Blue|Pink/Magenta|Blue|Pink/Magenta|Blue|Pink/Magenta|Blue|Pink/Magenta|Blue|Pink/Magenta|Blue|Pink/Magenta|Blue|Pink/Magenta,False,,50,0.544|0.551|0.559|0.566|0.574|0.581|0.588|0.596|0.603|0.61|0.618|0.625|0.632|0.64|0.647|0.654|0.662|0.669|0.676|0.684|0.691|0.699|0.706|0.713|0.721|0.728|0.735|0.743|0.75|0.757|0.765|0.772|0.779|0.787|0.794|0.801|0.809|0.816|0.824|0.831|0.838|0.846|0.853|0.86|0.868|0.875|0.882|0.89|0.897|0.904,Blue|Pink/Magenta|Blue|Pink/Magenta|Blue|Pink/Magenta|Blue|Pink/Magenta|Blue|Pink/Magenta|Blue|Pink/Magenta|Pink/Magenta|Pink/Magenta|Blue|Pink/Magenta|Pink/Magenta|Pink/Magenta|Blue|Blue|Blue|Blue|Blue|Blue|Blue|Blue|Pink/Magenta|Pink/Magenta|Blue|Blue|Blue|Blue|Blue|Blue|Blue|Blue|Blue|Blue|Blue|Blue|Blue|Blue|Blue|Pink/Magenta|Blue|Blue|Blue|Pink/Magenta|Blue|Pink/Magenta,1310101010101010101010101
v15044gf0000d2u5stvog65gtfara2j0.json.sequence.json,0,152,Yellow|Green|Yellow|Blue|Yellow|Green|Yellow|Green|Yellow|Green|Yellow|Green|Yellow|Green|Yellow|Green|Yellow|Green|Yellow|Green|Yellow|Green|Yellow|Green|Yellow|Green|Yellow|Green|Yellow|Green|Yellow|Green|Yellow|Green|Yellow|Green|Yellow|Green|Yellow|Green|Yellow,Yellow|Green|Yellow|Blue|Yellow|Green|Yellow|Green|Yellow|Green|Yellow|Green|Yellow|Green|Yellow|Green|Yellow|Green|Yellow|Green|Yellow|Green|Yellow|Green|Yellow|Green|Yellow|Green|Yellow|Green|Yellow|Green|Yellow|Green|Yellow|Green|Yellow|Green|Yellow|Green|Yellow,False,,27,0.0|0.02|0.086|0.099|0.106|0.126|0.132|0.146|0.278|0.285|0.291|0.298|0.305|0.311|0.344|0.364|0.404|0.411|0.437|0.444|0.45|0.464|0.49|0.497|0.881|0.887|0.894,Yellow|Blue|Yellow|Green|Green|Green|Green|Green|Green|Green|Green|Green|Yellow|Green|Green|Green|Yellow|Yellow|Green|Green|Green|Green|Yellow|Green|Green|Green|Green,32303232323232323232323232323232323232323
v15044gf0000d2uaminog65ln1ss0a60.json.sequence.json,0,134,Pink/Magenta|Blue|Pink/Magenta|Blue|Pink/Magenta|Blue|Pink/Magenta|Green,Pink/Magenta|Blue|Pink/Magenta|Blue|Pink/Magenta|Blue|Pink/Magenta|Green,False,,10,0.008|0.015|0.023|0.03|0.038|0.06|0.549|0.692|0.699|0.714,Pink/Magenta|Pink/Magenta|Pink/Magenta|Pink/Magenta|Pink/Magenta|Pink/Magenta|Pink/Magenta|Pink/Magenta|Pink/Magenta|Blue,10101012
v15044gf0000d2uavtfog65qu5s54ok0.json.sequence.json,0,59,Pink/Magenta|Blue|Pink/Magenta|Blue|Pink/Magenta|Blue|Pink/Magenta|Blue|Pink/Magenta|Blue|Pink/Magenta,Pink/Magenta|Blue|Pink/Magenta|Blue|Pink/Magenta|Blue|Pink/Magenta|Blue|Pink/Magenta|Blue|Pink/Magenta,False,,20,0.052|0.069|0.086|0.276|0.293|0.31|0.328|0.345|0.448|0.466|0.5|0.603|0.655|0.672|0.69|0.707|0.741|0.931|0.948|0.966,Blue|Blue|Blue|Pink/Magenta|Pink/Magenta|Pink/Magenta|Pink/Magenta|Pink/Magenta|Blue|Blue|Pink/Magenta|Pink/Magenta|Pink/Magenta|Pink/Magenta|Blue|Pink/Magenta|Pink/Magenta|Pink/Magenta|Pink/Magenta|Pink/Magenta,10101010101
v15044gf0000d2ufnlfog65s3avqnc1g.json.sequence.json,0,47,Green|Yellow|Green|Yellow|Green|Yellow|Green|Blue|Green|Blue|Green|Yellow|Green|Yellow,Green|Yellow|Green|Yellow|Green|Yellow|Green|Blue|Green|Blue|Green|Yellow|Green|Yellow,False,,4,0.022|0.217|0.239|0.652,Yellow|Green|Green|Blue,23232320202323
v15044gf0000d2uhi2fog65jcquabmi0.json.sequence.json,0,24,Yellow|Green|Yellow|Pink/Magenta|Blue|Pink/Magenta|Blue|Yellow|Pink/Magenta|Green|Yellow,Yellow|Green|Yellow|Pink/Magenta|Blue|Pink/Magenta|Blue|Yellow|Pink/Magenta|Green|Yellow,False,,1,0.174,Blue,32310103123
v15044gf0000d2usptnog65pe6f8a68g.json.sequence.json,0,31,Blue,Blue,False,↑,7,0.0|0.033|0.067|0.133|0.167|0.567|0.7,Blue|Blue|Blue|Blue|Blue|Blue|Blue,0
v15044gf0000d2v2hbfog65ppj42d540.json.sequence.json,0,119,Blue|Pink/Magenta|Blue|Pink/Magenta|Blue|Pink/Magenta|Blue|Pink/Magenta|Blue|Pink/Magenta|Blue|Pink/Magenta|Blue|Pink/Magenta|Blue|Pink/Magenta|Blue|Pink/Magenta|Blue|Pink/Magenta|Blue|Pink/Magenta|Blue|Green|Blue|Green|Blue|Pink/Magenta|Green|Blue|Pink/Magenta|Blue|Pink/Magenta|Blue|Pink/Magenta|Blue,Blue|Pink/Magenta|Blue|Pink/Magenta|Blue|Pink/Magenta|Blue|Pink/Magenta|Blue|Pink/Magenta|Blue|Pink/Magenta|Blue|Pink/Magenta|Blue|Pink/Magenta|Blue|Pink/Magenta|Blue|Pink/Magenta|Blue|Pink/Magenta|Blue|Green|Blue|Green|Blue|Pink/Magenta|Green|Blue|Pink/Magenta|Blue|Pink/Magenta|Blue|Pink/Magenta|Blue,False,,12,0.136|0.263|0.381|0.39|0.432|0.458|0.466|0.517|0.856|0.924|0.941|0.966,Pink/Magenta|Blue|Pink/Magenta|Pink/Magenta|Blue|Blue|Blue|Blue|Blue|Blue|Blue|Blue,010101010101010101010102020120101010
v15044gf0000d2v3fi7og65i63u488qg.json.sequence.json,0,109,Blue|Yellow|Green|Yellow|Green|Yellow|Green|Yellow|Green|Yellow|Pink/Magenta|Yellow|Pink/Magenta|Yellow|Green|Yellow|Green|Pink/Magenta|Yellow|Green|Pink/Magenta|Yellow|Green|Pink/Magenta|Yellow|Blue|Yellow|Green|Blue|Yellow|Blue|Yellow|Blue|Pink/Magenta|Yellow|Pink/Magenta|Yellow|Green|Blue|Green|Pink/Magenta|Yellow|Blue|Pink/Magenta|Blue|Green|Blue|Pink/Magenta|Blue|Yellow|Pink/Magenta,Blue|Yellow|Green|Yellow|Green|Yellow|Green|Yellow|Green|Yellow|Pink/Magenta|Yellow|Pink/Magenta|Yellow|Green|Yellow|Green|Pink/Magenta|Yellow|Green|Pink/Magenta|Yellow|Green|Pink/Magenta|Yellow|Blue|Yellow|Green|Blue|Yellow|Blue|Yellow|Blue|Pink/Magenta|Yellow|Pink/Magenta|Yellow|Green|Blue|Green|Pink/Magenta|Yellow|Blue|Pink/Magenta|Blue|Green|Blue|Pink/Magenta|Blue|Yellow|Pink/Magenta,False,↓,19,0.0|0.009|0.056|0.065|0.074|0.167|0.287|0.296|0.519|0.528|0.574|0.593|0.602|0.648|0.676|0.704|0.787|0.796|0.87,Blue|Blue|Yellow|Yellow|Green|Green|Yellow|Yellow|Yellow|Yellow|Yellow|Yellow|Yellow|Yellow|Blue|Yellow|Pink/Magenta|Yellow|Blue,032323232313132321321321303203030131320213010201031
v15044gf0000d2v512nog65n12jlhl9g.json.sequence.json,0,111,Blue|Green|Blue|Green|Blue|Pink/Magenta|Blue|Pink/Magenta|Blue|Green|Blue|Pink/Magenta|Blue|Pink/Magenta|Yellow|Blue|Pink/Magenta|Blue|Green|Pink/Magenta|Blue|Pink/Magenta|Blue|Yellow|Blue|Pink/Magenta|Yellow|Blue|Yellow|Pink/Magenta|Blue|Pink/Magenta|Yellow|Green|Pink/Magenta|Yellow|Pink/Magenta|Yellow|Pink/Magenta|Yellow|Pink/Magenta|Green|Pink/Magenta|Blue|Yellow|Pink/Magenta|Yellow|Pink/Magenta|Yellow|Pink/Magenta|Green|Yellow|Pink/Magenta|Blue|Yellow,Blue|Green|Blue|Green|Blue|Pink/Magenta|Blue|Pink/Magenta|Blue|Green|Blue|Pink/Magenta|Blue|Pink/Magenta|Yellow|Blue|Pink/Magenta|Blue|Green|Pink/Magenta|Blue|Pink/Magenta|Blue|Yellow|Blue|Pink/Magenta|Yellow|Blue|Yellow|Pink/Magenta|Blue|Pink/Magenta|Yellow|Green|Pink/Magenta|Yellow|Pink/Magenta|Yellow|Pink/Magenta|Yellow|Pink/Magenta|Green|Pink/Magenta|Blue|Yellow|Pink/Magenta|Yellow|Pink/Magenta|Yellow|Pink/Magenta|Green|Yellow|Pink/Magenta|Blue|Yellow,False,,25,0.009|0.064|0.073|0.082|0.145|0.173|0.282|0.373|0.382|0.473|0.736|0.764|0.782|0.8|0.809|0.818|0.836|0.845|0.9|0.909|0.927|0.955|0.964|0.973|0.982,Blue|Blue|Blue|Blue|Blue|Blue|Blue|Blue|Blue|Pink/Magenta|Pink/Magenta|Pink/Magenta|Green|Pink/Magenta|Pink/Magenta|Pink/Magenta|Pink/Magenta|Pink/Magenta|Pink/Magenta|Pink/Magenta|Pink/Magenta|Pink/Magenta|Pink/Magenta|Pink/Magenta|Blue,0202010102010130102101030130310132131313121031313123103
v15044gf0000d2v6invog65i28us10og.json.sequence.json,0,231,Blue|Pink/Magenta|Blue|Yellow|Pink/Magenta|Blue|Pink/Magenta|Blue|Pink/Magenta|Blue|Pink/Magenta|Blue|Pink/Magenta|Blue|Pink/Magenta|Blue|Pink/Magenta|Blue|Pink/Magenta|Blue|Pink/Magenta|Blue|Pink/Magenta|Yellow|Pink/Magenta|Yellow|Pink/Magenta|Yellow|Pink/Magenta|Blue|Pink/Magenta|Yellow|Pink/Magenta|Blue|Pink/Magenta|Blue|Pink/Magenta|Blue|Pink/Magenta|Blue|Pink/Magenta|Blue|Pink/Magenta|Blue|Pink/Magenta|Blue|Pink/Magenta|Blue|Pink/Magenta|Blue|Pink/Magenta|Blue|Pink/Magenta|Blue|Pink/Magenta|Yellow|Pink/Magenta|Blue|Pink/Magenta|Blue|Pink/Magenta|Blue|Pink/Magenta|Yellow|Green|Pink/Magenta|Yellow|Green|Yellow,Green|Yellow|Blue|Pink/Magenta|Blue|Yellow|Pink/Magenta|Blue|Pink/Magenta|Blue|Pink/Magenta|Blue|Pink/Magenta|Blue|Pink/Magenta|Blue|Pink/Magenta|Blue|Pink/Magenta|Blue|Pink/Magenta|Blue|Pink/Magenta|Blue|Pink/Magenta|Yellow|Pink/Magenta|Yellow|Pink/Magenta|Yellow|Pink/Magenta|Blue|Pink/Magenta|Yellow|Pink/Magenta|Blue|Pink/Magenta|Blue|Pink/Magenta|Blue|Pink/Magenta|Blue|Pink/Magenta|Blue|Pink/Magenta|Blue|Pink/Magenta|Blue|Pink/Magenta|Blue|Pink/Magenta|Blue|Pink/Magenta|Blue|Pink/Magenta|Blue|Pink/Magenta|Yellow|Pink/Magenta|Blue|Pink/Magenta|Blue|Pink/Magenta|Blue|Pink/Magenta|Yellow|Green|Pink/Magenta|Yellow,True,,18,0.043|0.074|0.078|0.435|0.439|0.513|0.557|0.626|0.73|0.735|0.739|0.748|0.787|0.804|0.891|0.922|0.943|0.952,Pink/Magenta|Pink/Magenta|Pink/Magenta|Pink/Magenta|Pink/Magenta|Pink/Magenta|Pink/Magenta|Pink/Magenta|Pink/Magenta|Pink/Magenta|Blue|Pink/Magenta|Blue|Blue|Blue|Blue|Blue|Blue,230103101010101010101010131313101310101010101010101010101310101013213
v24044gl0000d2het8fog65gpmg3gr4g.json.sequence.json,0,134,Yellow|Pink/Magenta|Yellow|Green|Yellow|Pink/Magenta|Blue|Pink/Magenta|Yellow|Pink/Magenta|Yellow|Pink/Magenta|Yellow|Pink/Magenta|Yellow|Green|Pink/Magenta|Yellow|Pink/Magenta|Green|Yellow|Pink/Magenta|Yellow|Pink/Magenta|Yellow|Pink/Magenta|Yellow|Pink/Magenta|Yellow|Green|Pink/Magenta|Yellow|Pink/Magenta|Yellow|Green|Yellow|Pink/Magenta|Blue|Green|Yellow|Green|Yellow|Pink/Magenta|Yellow|Pink/Magenta,Yellow|Pink/Magenta|Yellow|Green|Yellow|Pink/Magenta|Blue|Pink/Magenta|Yellow|Pink/Magenta|Yellow|Pink/Magenta|Yellow|Pink/Magenta|Yellow|Green|Pink/Magenta|Yellow|Pink/Magenta|Green|Yellow|Pink/Magenta|Yellow|Pink/Magenta|Yellow|Pink/Magenta|Yellow|Pink/Magenta|Yellow|Green|Pink/Magenta|Yellow|Pink/Magenta|Yellow|Green|Yellow|Pink/Magenta|Blue|Green|Yellow|Green|Yellow|Pink/Magenta|Yellow|Pink/Magenta,False,↓,57,0.008|0.015|0.03|0.038|0.045|0.113|0.128|0.135|0.143|0.15|0.158|0.165|0.173|0.263|0.271|0.278|0.293|0.338|0.346|0.353|0.361|0.368|0.376|0.383|0.391|0.398|0.406|0.414|0.421|0.429|0.436|0.444|0.466|0.474|0.481|0.489|0.496|0.504|0.511|0.519|0.526|0.534|0.541|0.571|0.579|0.586|0.594|0.602|0.609|0.617|0.624|0.632|0.639|0.654|0.662|0.887|0.955,Pink/Magenta|Pink/Magenta|Yellow|Yellow|Yellow|Pink/Magenta|Pink/Magenta|Yellow|Yellow|Pink/Magenta|Pink/Magenta|Yellow|Pink/Magenta|Pink/Magenta|Pink/Magenta|Pink/Magenta|Yellow|Pink/Magenta|Pink/Magenta|Pink/Magenta|Pink/Magenta|Pink/Magenta|Pink/Magenta|Yellow|Yellow|Yellow|Pink/Magenta|Pink/Magenta|Pink/Magenta|Pink/Magenta|Pink/Magenta|Pink/Magenta|Pink/Magenta|Pink/Magenta|Pink/Magenta|Pink/Magenta|Pink/Magenta|Yellow|Yellow|Yellow|Pink/Magenta|Pink/Magenta|Yellow|Yellow|Yellow|Pink/Magenta|Pink/Magenta|Yellow|Green|Green|Pink/Magenta|Yellow|Yellow|Pink/Magenta|Pink/Magenta|Pink/Magenta|Pink/Magenta,313231013131313213123131313132131323102323131
v24044gl0000d2u5smvog65t88m5gt2g.json.sequence.json,0,141,Yellow|Pink/Magenta|Yellow|Pink/Magenta|Yellow|Pink/Magenta|Yellow|Pink/Magenta|Blue|Pink/Magenta|Blue|Yellow|Green|Blue|Pink/Magenta|Yellow|Pink/Magenta|Yellow|Pink/Magenta|Blue|Yellow|Pink/Magenta|Blue|Pink/Magenta|Yellow|Pink/Magenta|Yellow|Green|Blue|Pink/Magenta|Blue|Pink/Magenta|Blue|Yellow|Blue|Pink/Magenta|Blue|Pink/Magenta|Blue,Yellow|Pink/Magenta|Yellow|Pink/Magenta|Yellow|Pink/Magenta|Yellow|Pink/Magenta|Blue|Pink/Magenta|Blue|Yellow|Green|Blue|Pink/Magenta|Yellow|Pink/Magenta|Yellow|Pink/Magenta|Blue|Yellow|Pink/Magenta|Blue|Pink/Magenta|Yellow|Pink/Magenta|Yellow|Green|Blue|Pink/Magenta|Blue|Pink/Magenta|Blue|Yellow|Blue|Pink/Magenta|Blue|Pink/Magenta|Blue,False,,17,0.029|0.036|0.043|0.221|0.229|0.257|0.279|0.286|0.307|0.336|0.364|0.371|0.393|0.4|0.679|0.686|0.75,Pink/Magenta|Pink/Magenta|Pink/Magenta|Pink/Magenta|Yellow|Pink/Magenta|Blue|Blue|Blue|Blue|Pink/Magenta|Pink/Magenta|Green|Green|Blue|Blue|Blue,313131310103201313103101313201010301010
v24044gl0000d2uqkcfog65nf5bip570.json.sequence.json,0,87,Yellow|Blue|Green|Pink/Magenta|Blue|Pink/Magenta|Blue|Green|Yellow|Green|Pink/Magenta|Blue|Pink/Magenta|Blue|Yellow|Green,Yellow|Blue|Green|Pink/Magenta|Blue|Pink/Magenta|Blue|Green|Yellow|Green|Pink/Magenta|Blue|Pink/Magenta|Blue|Yellow|Green,False,↓,17,0.616|0.628|0.64|0.651|0.663|0.674|0.686|0.698|0.709|0.721|0.733|0.744|0.756|0.767|0.779|0.791|0.802,Green|Yellow|Yellow|Yellow|Green|Green|Green|Green|Green|Green|Green|Pink/Magenta|Pink/Magenta|Blue|Pink/Magenta|Pink/Magenta|Pink/Magenta,3021010232101032
